title,rating,year,actors,runtime,url
All Quiet on the Western Front,8.1,1930,Lew Ayres;Louis Wolheim;John Wray;Arnold Lucy,152,https://www.imdb.com//title/tt0020629/
Der blaue Engel,7.7,1930,Emil Jannings;Marlene Dietrich;Kurt Gerron;Rosa Valetti,104,https://www.imdb.com//title/tt0020697/
Animal Crackers,7.5,1930,Groucho Marx;Harpo Marx;Chico Marx;The Marx Brothers,97,https://www.imdb.com//title/tt0020640/
City Lights,8.5,1931,Charles Chaplin;Virginia Cherrill;Florence Lee;Harry Myers,87,https://www.imdb.com//title/tt0021749/
M - Eine Stadt sucht einen Mörder,8.3,1931,Peter Lorre;Ellen Widmann;Inge Landgut;Otto Wernicke,117,https://www.imdb.com//title/tt0022100/
Frankenstein,7.8,1931,Colin Clive;Mae Clarke;Boris Karloff;John Boles,70,https://www.imdb.com//title/tt0021884/
Ik ben een vluchteling,8.2,1932,Paul Muni;Glenda Farrell;Helen Vinson;Noel Francis,92,https://www.imdb.com//title/tt0023042/
Otona no miru ehon - Umarete wa mita keredo,8.0,1932,Tatsuo Saitô;Tomio Aoki;Mitsuko Yoshikawa;Hideo Sugawara,100,https://www.imdb.com//title/tt0023634/
Trouble in Paradise (De firma Adam & Eva),8.0,1932,Miriam Hopkins;Kay Francis;Herbert Marshall;Charles Ruggles,83,https://www.imdb.com//title/tt0023622/
Das Testament des Dr. Mabuse,8.0,1933,Rudolf Klein-Rogge;Otto Wernicke;Thomy Bourdelle;Gustav Diessl,122,https://www.imdb.com//title/tt0023563/
King Kong,7.9,1933,Fay Wray;Robert Armstrong;Bruce Cabot;Frank Reicher,100,https://www.imdb.com//title/tt0024216/
De dictator,7.8,1933,Groucho Marx;Harpo Marx;Chico Marx;Zeppo Marx,69,https://www.imdb.com//title/tt0023969/
Het gebeurde op 'n avond,8.1,1934,Clark Gable;Claudette Colbert;Walter Connolly;Roscoe Karns,105,https://www.imdb.com//title/tt0025316/
The Thin Man,8.0,1934,William Powell;Myrna Loy;Maureen O'Sullivan;Nat Pendleton,91,https://www.imdb.com//title/tt0025878/
L'Atalante,7.8,1934,Dita Parlo;Jean Dasté;Gilles Margaritis;Louis Lefebvre,89,https://www.imdb.com//title/tt0024844/
A Night at the Opera,7.9,1935,Groucho Marx;Chico Marx;Harpo Marx;Kitty Carlisle,96,https://www.imdb.com//title/tt0026778/
A Tale of Two Cities,7.8,1935,Ronald Colman;Elizabeth Allan;Edna May Oliver;Reginald Owen,128,https://www.imdb.com//title/tt0027075/
Bride of Frankenstein,7.8,1935,Boris Karloff;Elsa Lanchester;Colin Clive;Valerie Hobson,75,https://www.imdb.com//title/tt0026138/
Modern Times,8.5,1936,Charles Chaplin;Paulette Goddard;Henry Bergman;Tiny Sandford,87,https://www.imdb.com//title/tt0027977/
My Man Godfrey,8.0,1936,William Powell;Carole Lombard;Alice Brady;Gail Patrick,94,https://www.imdb.com//title/tt0028010/
Fury,7.9,1936,Sylvia Sidney;Spencer Tracy;Walter Abel;Bruce Cabot,92,https://www.imdb.com//title/tt0027652/
Make Way for Tomorrow,8.2,1937,Victor Moore;Beulah Bondi;Fay Bainter;Thomas Mitchell,91,https://www.imdb.com//title/tt0029192/
La Grande Illusion,8.1,1937,Jean Gabin;Dita Parlo;Pierre Fresnay;Erich von Stroheim,113,https://www.imdb.com//title/tt0028950/
De stormduivels,8.0,1937,Spencer Tracy;Freddie Bartholomew;Lionel Barrymore;Melvyn Douglas,117,https://www.imdb.com//title/tt0028691/
Bringing Up Baby,7.9,1938,Katharine Hepburn;Cary Grant;Charles Ruggles;Walter Catlett,102,https://www.imdb.com//title/tt0029947/
Engelen met smerige gezichten,7.9,1938,James Cagney;Pat O'Brien;Humphrey Bogart;Ann Sheridan,97,https://www.imdb.com//title/tt0029870/
The Adventures of Robin Hood,7.9,1938,Errol Flynn;Olivia de Havilland;Basil Rathbone;Claude Rains,102,https://www.imdb.com//title/tt0029843/
Gejaagd door de wind,8.1,1939,Clark Gable;Vivien Leigh;Thomas Mitchell;Barbara O'Neil,238,https://www.imdb.com//title/tt0031381/
Mr. Smith Goes to Washington,8.1,1939,James Stewart;Jean Arthur;Claude Rains;Edward Arnold,129,https://www.imdb.com//title/tt0031679/
La règle du jeu,8.0,1939,Marcel Dalio;Nora Gregor;Paulette Dubost;Mila Parély,110,https://www.imdb.com//title/tt0031885/
De dictator,8.4,1940,Charles Chaplin;Paulette Goddard;Jack Oakie;Reginald Gardiner,125,https://www.imdb.com//title/tt0032553/
Rebecca,8.1,1940,Laurence Olivier;Joan Fontaine;George Sanders;Judith Anderson,130,https://www.imdb.com//title/tt0032976/
The Grapes of Wrath,8.1,1940,Henry Fonda;Jane Darwell;John Carradine;Charley Grapewin,129,https://www.imdb.com//title/tt0032551/
Citizen Kane,8.3,1941,Orson Welles;Joseph Cotten;Dorothy Comingore;Agnes Moorehead,119,https://www.imdb.com//title/tt0033467/
The Little Foxes,8.0,1941,Bette Davis;Herbert Marshall;Teresa Wright;Richard Carlson,116,https://www.imdb.com//title/tt0033836/
The Maltese Falcon,8.0,1941,Humphrey Bogart;Mary Astor;Gladys George;Peter Lorre,100,https://www.imdb.com//title/tt0033870/
Casablanca,8.5,1942,Humphrey Bogart;Ingrid Bergman;Paul Henreid;Claude Rains,102,https://www.imdb.com//title/tt0034583/
Spionnage in het spel,8.2,1942,Carole Lombard;Jack Benny;Robert Stack;Felix Bressart,99,https://www.imdb.com//title/tt0035446/
Gevangenen van 't verleden,8.0,1942,Ronald Colman;Greer Garson;Philip Dorn;Susan Peters,126,https://www.imdb.com//title/tt0035238/
De dag des oordeels,8.1,1943,Thorkild Roose;Lisbeth Movin;Sigrid Neiiendam;Kirsten Andreasen,97,https://www.imdb.com//title/tt0036506/
The Life and Death of Colonel Blimp,8.1,1943,Roger Livesey;Deborah Kerr;Anton Walbrook;James McKechnie,163,https://www.imdb.com//title/tt0036112/
Arsenicum en oude kant,8.0,1943,Cary Grant;Priscilla Lane;Raymond Massey;Jack Carson,118,https://www.imdb.com//title/tt0036613/
Double Indemnity,8.3,1944,Fred MacMurray;Barbara Stanwyck;Edward G. Robinson;Byron Barr,107,https://www.imdb.com//title/tt0036775/
Laura,8.0,1944,Gene Tierney;Dana Andrews;Clifton Webb;Vincent Price,88,https://www.imdb.com//title/tt0037008/
Avontuur op Martinique,7.8,1944,Humphrey Bogart;Lauren Bacall;Walter Brennan;Dolores Moran,100,https://www.imdb.com//title/tt0037382/
Les enfants du paradis,8.4,1945,Arletty;Jean-Louis Barrault;Pierre Brasseur;Pierre Renoir,189,https://www.imdb.com//title/tt0037674/
Roma città aperta,8.1,1945,Anna Magnani;Aldo Fabrizi;Marcello Pagliero;Vito Annichiarico,103,https://www.imdb.com//title/tt0038890/
A Tree Grows in Brooklyn,8.0,1945,Dorothy McGuire;Joan Blondell;James Dunn;Lloyd Nolan,129,https://www.imdb.com//title/tt0038190/
It's a Wonderful Life,8.6,1946,James Stewart;Donna Reed;Lionel Barrymore;Thomas Mitchell,130,https://www.imdb.com//title/tt0038650/
De beste jaren van ons leven,8.1,1946,Myrna Loy;Dana Andrews;Fredric March;Teresa Wright,170,https://www.imdb.com//title/tt0036868/
Een Zaak van Leven en Dood,8.1,1946,David Niven;Kim Hunter;Robert Coote;Kathleen Byron,104,https://www.imdb.com//title/tt0038733/
Gangsters vergeten niet,8.0,1947,Robert Mitchum;Jane Greer;Kirk Douglas;Rhonda Fleming,97,https://www.imdb.com//title/tt0039689/
Miracle on 34th Street,7.9,1947,Edmund Gwenn;Maureen O'Hara;John Payne;Gene Lockhart,96,https://www.imdb.com//title/tt0039628/
Monsieur Verdoux,7.9,1947,Charles Chaplin;Mady Correll;Allison Roddan;Robert Lewis,124,https://www.imdb.com//title/tt0039631/
Ladri di biciclette,8.3,1948,Lamberto Maggiorani;Enzo Staiola;Lianella Carell;Elena Altieri,89,https://www.imdb.com//title/tt0040522/
The Treasure of the Sierra Madre,8.2,1948,Humphrey Bogart;Walter Huston;Tim Holt;Bruce Bennett,126,https://www.imdb.com//title/tt0040897/
The Red Shoes,8.1,1948,Anton Walbrook;Marius Goring;Moira Shearer;Robert Helpmann,135,https://www.imdb.com//title/tt0040725/
Banshun,8.3,1949,Chishû Ryû;Setsuko Hara;Yumeji Tsukioka;Haruko Sugimura,108,https://www.imdb.com//title/tt0041154/
De erfgename,8.2,1949,Olivia de Havilland;Montgomery Clift;Ralph Richardson;Miriam Hopkins,115,https://www.imdb.com//title/tt0041452/
The Third Man,8.1,1949,Orson Welles;Joseph Cotten;Alida Valli;Trevor Howard,104,https://www.imdb.com//title/tt0041959/
Sunset Boulevard,8.4,1950,William Holden;Gloria Swanson;Erich von Stroheim;Nancy Olson,110,https://www.imdb.com//title/tt0043014/
Los olvidados,8.3,1950,Alfonso Mejía;Roberto Cobo;Estela Inda;Miguel Inclán,85,https://www.imdb.com//title/tt0042804/
All About Eve,8.2,1950,Bette Davis;Anne Baxter;George Sanders;Celeste Holm,138,https://www.imdb.com//title/tt0042192/
Early Summer,8.2,1951,Setsuko Hara;Chishû Ryû;Chikage Awashima;Kuniko Miyake,125,https://www.imdb.com//title/tt0043313/
Het grote carnaval,8.1,1951,Kirk Douglas;Jan Sterling;Robert Arthur;Porter Hall,111,https://www.imdb.com//title/tt0043338/
Scrooge,8.1,1951,Alastair Sim;Jack Warner;Kathleen Harrison;Mervyn Johns,86,https://www.imdb.com//title/tt0044008/
Ikiru,8.3,1952,Takashi Shimura;Nobuo Kaneko;Shin'ichi Himori;Haruo Tanaka,143,https://www.imdb.com//title/tt0044741/
Singin' in the Rain,8.3,1952,Gene Kelly;Donald O'Connor;Debbie Reynolds;Jean Hagen,103,https://www.imdb.com//title/tt0045152/
Umberto D.,8.2,1952,Carlo Battisti;Maria Pia Casilio;Lina Gennari;Ileana Simova,89,https://www.imdb.com//title/tt0045274/
Tôkyô monogatari,8.2,1953,Chishû Ryû;Chieko Higashiyama;Sô Yamamura;Setsuko Hara,136,https://www.imdb.com//title/tt0046438/
Ugetsu monogatari,8.2,1953,Masayuki Mori;Machiko Kyô;Kinuyo Tanaka;Mitsuko Mito,96,https://www.imdb.com//title/tt0046478/
Het loon van de Angst,8.1,1953,Yves Montand;Charles Vanel;Peter van Eyck;Folco Lulli,131,https://www.imdb.com//title/tt0046268/
Shichinin no samurai,8.6,1954,Toshirô Mifune;Takashi Shimura;Keiko Tsushima;Yukiko Shimazaki,207,https://www.imdb.com//title/tt0047478/
Rear Window,8.5,1954,James Stewart;Grace Kelly;Wendell Corey;Thelma Ritter,112,https://www.imdb.com//title/tt0047396/
Sanshô dayû,8.4,1954,Kinuyo Tanaka;Yoshiaki Hanayagi;Kyôko Kagawa;Eitarô Shindô,124,https://www.imdb.com//title/tt0047445/
Pather Panchali,8.5,1955,Kanu Bannerjee;Karuna Bannerjee;Subir Banerjee;Chunibala Devi,125,https://www.imdb.com//title/tt0048473/
Ordet,8.3,1955,Henrik Malberg;Emil Hass Christensen;Preben Lerdorff Rye;Hanne Aagesen,126,https://www.imdb.com//title/tt0048452/
Demonen,8.1,1955,Simone Signoret;Véra Clouzot;Paul Meurisse;Charles Vanel,117,https://www.imdb.com//title/tt0046911/
Aparajito,8.3,1956,Pinaki Sengupta;Smaran Ghosal;Kamala Adhikari;Lalchand Banerjee,110,https://www.imdb.com//title/tt0048956/
Un condamné à mort s'est échappé ou Le vent souffle où il veut,8.3,1956,François Leterrier;Charles Le Clainche;Maurice Beerblock;Roland Monod,101,https://www.imdb.com//title/tt0049902/
Biruma no tategoto,8.1,1956,Rentarô Mikuni;Shôji Yasui;Tatsuya Mihashi;Jun Hamamura,116,https://www.imdb.com//title/tt0049012/
De 12 gezworenen,9.0,1957,Henry Fonda;Lee J. Cobb;Martin Balsam;John Fiedler,96,https://www.imdb.com//title/tt0050083/
Pyaasa,8.5,1957,Guru Dutt;Waheeda Rehman;Mala Sinha;Rehman,146,https://www.imdb.com//title/tt0050870/
Het veld van eer,8.4,1957,Kirk Douglas;Ralph Meeker;Adolphe Menjou;George Macready,88,https://www.imdb.com//title/tt0050825/
Vertigo,8.3,1958,James Stewart;Kim Novak;Barbara Bel Geddes;Tom Helmore,128,https://www.imdb.com//title/tt0052357/
Kakushi-toride no san-akunin,8.1,1958,Toshirô Mifune;Misa Uehara;Minoru Chiaki;Kamatari Fujiwara,139,https://www.imdb.com//title/tt0051808/
De lift naar het schavot,8.0,1958,Jeanne Moreau;Maurice Ronet;Georges Poujouly;Yori Bertin,91,https://www.imdb.com//title/tt0051378/
Apur Sansar,8.5,1959,Soumitra Chatterjee;Sharmila Tagore;Alok Chakravarty;Swapan Mukherjee,105,https://www.imdb.com//title/tt0052572/
Ningen no jôken,8.5,1959,Tatsuya Nakadai;Michiyo Aratama;Chikage Awashima;Ineko Arima,208,https://www.imdb.com//title/tt0053114/
Ningen no jôken,8.5,1959,Tatsuya Nakadai;Michiyo Aratama;Kokinji Katsura;Jun Tatara,181,https://www.imdb.com//title/tt0053115/
Le trou,8.5,1960,André Bervil;Jean Keraudy;Michel Constantin;Philippe Leroy,131,https://www.imdb.com//title/tt0054407/
Psycho,8.5,1960,Anthony Perkins;Janet Leigh;Vera Miles;John Gavin,109,https://www.imdb.com//title/tt0054215/
Het appartement,8.3,1960,Jack Lemmon;Shirley MacLaine;Fred MacMurray;Ray Walston,125,https://www.imdb.com//title/tt0053604/
Ningen no jôken,8.8,1961,Tatsuya Nakadai;Michiyo Aratama;Tamao Nakamura;Yûsuke Kawazu,190,https://www.imdb.com//title/tt0055233/
Oordeel te Neurenberg,8.2,1961,Spencer Tracy;Burt Lancaster;Richard Widmark;Marlene Dietrich,179,https://www.imdb.com//title/tt0055031/
Yôjinbô,8.2,1961,Toshirô Mifune;Eijirô Tôno;Tatsuya Nakadai;Yôko Tsukasa,110,https://www.imdb.com//title/tt0055630/
Seppuku,8.6,1962,Tatsuya Nakadai;Akira Ishihama;Shima Iwashita;Tetsurô Tanba,133,https://www.imdb.com//title/tt0056058/
Il sorpasso,8.3,1962,Vittorio Gassman;Jean-Louis Trintignant;Catherine Spaak;Claudio Gora,105,https://www.imdb.com//title/tt0056512/
Lawrence of Arabia,8.3,1962,Peter O'Toole;Alec Guinness;Anthony Quinn;Jack Hawkins,228,https://www.imdb.com//title/tt0056172/
Tengoku to jigoku,8.4,1963,Toshirô Mifune;Yutaka Sada;Tatsuya Nakadai;Kyôko Kagawa,143,https://www.imdb.com//title/tt0057565/
The Great Escape,8.2,1963,Steve McQueen;James Garner;Richard Attenborough;Charles Bronson,172,https://www.imdb.com//title/tt0057115/
Nattvardsgästerna,8.1,1963,Ingrid Thulin;Gunnar Björnstrand;Gunnel Lindblom;Max von Sydow,81,https://www.imdb.com//title/tt0057358/
De vrouw in het zand,8.5,1964,Eiji Okada;Kyôko Kishida;Hiroko Itô;Kôji Mitsui,147,https://www.imdb.com//title/tt0058625/
Dr. Strangelove or: How I Learned to Stop Worrying and Love the Bomb,8.4,1964,Peter Sellers;George C. Scott;Sterling Hayden;Keenan Wynn,95,https://www.imdb.com//title/tt0057012/
Charulata,8.2,1964,Soumitra Chatterjee;Madhabi Mukherjee;Shailen Mukherjee;Shyamal Ghoshal,117,https://www.imdb.com//title/tt0057935/
Operatsiya 'Y' i drugie priklyucheniya Shurika,8.5,1965,Aleksandr Demyanenko;Mikhail Pugovkin;Aleksei Smirnov;Vladimir Basov,91,https://www.imdb.com//title/tt0059550/
Akahige,8.4,1965,Toshirô Mifune;Yûzô Kayama;Tsutomu Yamazaki;Reiko Dan,185,https://www.imdb.com//title/tt0058888/
Guide,8.4,1965,Dev Anand;Waheeda Rehman;Leela Chitnis;Anwar Hussain,183,https://www.imdb.com//title/tt0059246/
"The Good, the Bad and the Ugly",8.8,1966,Clint Eastwood;Eli Wallach;Lee Van Cleef;Aldo Giuffrè,161,https://www.imdb.com//title/tt0060196/
Andrei Rublev,8.1,1966,Anatoliy Solonitsyn;Ivan Lapikov;Nikolay Grinko;Nikolay Sergeev,205,https://www.imdb.com//title/tt0060107/
Beregis avtomobilya,8.1,1966,Innokentiy Smoktunovskiy;Oleg Efremov;Lyubov Dobrzhanskaya;Olga Aroseva,94,https://www.imdb.com//title/tt0060161/
Jôi-uchi: Hairyô tsuma shimatsu,8.4,1967,Toshirô Mifune;Yôko Tsukasa;Gô Katô;Tatsuyoshi Ehara,128,https://www.imdb.com//title/tt0061847/
"Kavkazskaya plennitsa, ili Novye priklyucheniya Shurika",8.4,1967,Aleksandr Demyanenko;Natalya Varley;Vladimir Etush;Frunzik Mkrtchyan,82,https://www.imdb.com//title/tt0060584/
Cool Hand Luke,8.1,1967,Paul Newman;George Kennedy;Strother Martin;J.D. Cannon,127,https://www.imdb.com//title/tt0061512/
Once Upon a Time in the West,8.5,1968,Henry Fonda;Charles Bronson;Claudia Cardinale;Jason Robards,165,https://www.imdb.com//title/tt0064116/
2001: Een zwerftocht in de ruimte,8.3,1968,Keir Dullea;Gary Lockwood;William Sylvester;Daniel Richter,149,https://www.imdb.com//title/tt0062622/
Padosan,8.1,1968,Sunil Dutt;Saira Banu;Mehmood;Kishore Kumar,157,https://www.imdb.com//title/tt0063404/
A tanú,8.7,1969,Ferenc Kállai;Lajos Öze;Béla Both;Zoltán Fábri,105,https://www.imdb.com//title/tt0065067/
Brilliantovaya ruka,8.4,1969,Yuriy Nikulin;Nina Grebeshkova;Andrey Mironov;Anatoliy Papanov,100,https://www.imdb.com//title/tt0062759/
Z,8.3,1969,Yves Montand;Irene Papas;Jean-Louis Trintignant;François Périer,127,https://www.imdb.com//title/tt0065234/
De dader staat boven verdenking,8.1,1970,Gian Maria Volontè;Florinda Bolkan;Gianni Santuccio;Orazio Orlando,115,https://www.imdb.com//title/tt0065889/
De Rode Cirkel,8.0,1970,Alain Delon;Bourvil;Gian Maria Volontè;Yves Montand,140,https://www.imdb.com//title/tt0065531/
Il conformista,8.0,1970,Jean-Louis Trintignant;Stefania Sandrelli;Gastone Moschin;Enzo Tarascio,113,https://www.imdb.com//title/tt0065571/
Dzhentlmeny udachi,8.5,1971,Evgeniy Leonov;Georgiy Vitsin;Saveliy Kramarov;Radner Muratov,88,https://www.imdb.com//title/tt0068519/
De Laatste Kruistocht,8.4,1971,Amza Pellea;Ion Besoiu;Olga Tudorache;Irina Gardescu,203,https://www.imdb.com//title/tt0066078/
12 stulev,8.3,1971,Archil Gomiashvili;Sergey Filippov;Mikhail Pugovkin;Glikeriya Bogdanova-Chesnokova,159,https://www.imdb.com//title/tt0065670/
The Godfather,9.2,1972,Marlon Brando;Al Pacino;James Caan;Diane Keaton,175,https://www.imdb.com//title/tt0068646/
Schreeuw zonder antwoord,8.1,1972,Harriet Andersson;Liv Ullmann;Kari Sylwan;Ingrid Thulin,91,https://www.imdb.com//title/tt0069467/
Solaris,8.1,1972,Natalya Bondarchuk;Donatas Banionis;Jüri Järvet;Vladislav Dvorzhetskiy,167,https://www.imdb.com//title/tt0069293/
Canim Kardesim,8.7,1973,Tarik Akan;Kahraman Kiral;Halit Akçatepe;Metin Akpinar,92,https://www.imdb.com//title/tt0267351/
Ivan Vasilevich menyaet professiyu,8.4,1973,Yuriy Yakovlev;Leonid Kuravlyov;Aleksandr Demyanenko;Saveliy Kramarov,93,https://www.imdb.com//title/tt0070233/
The Sting,8.3,1973,Paul Newman;Robert Redford;Robert Shaw;Charles Durning,129,https://www.imdb.com//title/tt0070735/
The Godfather: Part II,9.0,1974,Al Pacino;Robert De Niro;Robert Duvall;Diane Keaton,202,https://www.imdb.com//title/tt0071562/
Scener ur ett äktenskap,8.4,1974,Liv Ullmann;Erland Josephson;Bibi Andersson;Gunnel Lindblom,169,https://www.imdb.com//title/tt6725014/
Köyden Indim Sehire,8.3,1974,Kemal Sunal;Meral Zeren;Zeki Alasya;Metin Akpinar,77,https://www.imdb.com//title/tt0252619/
Hababam Sinifi,9.3,1975,Kemal Sunal;Münir Özkul;Halit Akçatepe;Tarik Akan,87,https://www.imdb.com//title/tt0252487/
One Flew Over the Cuckoo's Nest,8.7,1975,Jack Nicholson;Louise Fletcher;Michael Berryman;Peter Brocco,133,https://www.imdb.com//title/tt0073486/
Flåklypa Grand Prix,8.5,1975,Wenche Foss;Per Theodor Haugen;Harald Heide-Steen Jr.;Leif Juster,88,https://www.imdb.com//title/tt0073000/
Al-risâlah,9.0,1976,Abdallah Gheith;Mona Wassef;Hamdy Gheith;Ali Achmed Taram,207,https://www.imdb.com//title/tt0075143/
Tosun Pasa,9.0,1976,Kemal Sunal;Müjde Ar;Adile Nasit;Sener Sen,90,https://www.imdb.com//title/tt0253828/
Hababam Sinifi Sinifta Kaldi,8.9,1976,Kemal Sunal;Münir Özkul;Semra Özdamar;Adile Nasit,91,https://www.imdb.com//title/tt0252488/
Hababam Sinifi Uyaniyor,8.8,1977,Tayfun Akalin;Tuncay Akça;Halit Akçatepe;Sitki Akçatepe,94,https://www.imdb.com//title/tt0252490/
Hababam Sinifi Tatilde,8.7,1977,Sevda Aktolga;Ahmet Ariman;Filiz Bozkurt;Aysen Gruda,97,https://www.imdb.com//title/tt0252489/
Saban Oglu Saban,8.7,1977,Kemal Sunal;Halit Akçatepe;Sener Sen;Sevda Aktolga,90,https://www.imdb.com//title/tt0253614/
Kibar Feyzo,8.7,1978,Kemal Sunal;Sener Sen;Ilyas Salman;Adile Nasit,83,https://www.imdb.com//title/tt0252597/
Neseli Günler,8.7,1978,Münir Özkul;Adile Nasit;Sener Sen;Aysen Gruda,92,https://www.imdb.com//title/tt0765833/
Selvi Boylum Al Yazmalim,8.6,1978,Türkan Soray;Kadir Inanir;Ahmet Mekin;Hülya Tuglu,90,https://www.imdb.com//title/tt0263975/
Golmaal,8.5,1979,Amol Palekar;Bindiya Goswami;Deven Verma;Shubha Khote,120,https://www.imdb.com//title/tt0079221/
Alien,8.4,1979,Sigourney Weaver;Tom Skerritt;John Hurt;Veronica Cartwright,117,https://www.imdb.com//title/tt0078748/
Apocalypse Now,8.4,1979,Martin Sheen;Marlon Brando;Robert Duvall;Frederic Forrest,147,https://www.imdb.com//title/tt0078788/
Ko to tamo peva,8.8,1980,Pavle Vuisic;Dragan Nikolic;Danilo 'Bata' Stojkovic;Aleksandar Bercek,86,https://www.imdb.com//title/tt0076276/
Star Wars: Episode V - The Empire Strikes Back,8.7,1980,Mark Hamill;Harrison Ford;Carrie Fisher;Billy Dee Williams,124,https://www.imdb.com//title/tt0080684/
Zübük,8.6,1980,Kemal Sunal;Nevra Serezli;Kadir Savun;Bülent Kayabas,88,https://www.imdb.com//title/tt0253991/
Indiana Jones and the Raiders of the Lost Ark,8.4,1981,Harrison Ford;Karen Allen;Paul Freeman;John Rhys-Davies,115,https://www.imdb.com//title/tt0082971/
Das Boot,8.3,1981,Jürgen Prochnow;Herbert Grönemeyer;Klaus Wennemann;Hubertus Bengsch,149,https://www.imdb.com//title/tt0082096/
Vuk,8.3,1981,Judit Pogány;József Gyabronka;Teri Földi;Gyula Szabó,79,https://www.imdb.com//title/tt0131636/
Maratonci trce pocasni krug,8.9,1982,Bogdan Diklic;Danilo 'Bata' Stojkovic;Pavle Vuisic;Mija Aleksic,92,https://www.imdb.com//title/tt0084302/
Angoor,8.3,1982,Sanjeev Kumar;Moushumi Chatterjee;Deven Verma;Aruna Irani,131,https://www.imdb.com//title/tt0215517/
Blade Runner,8.1,1982,Harrison Ford;Rutger Hauer;Sean Young;Edward James Olmos,117,https://www.imdb.com//title/tt0083658/
Jaane Bhi Do Yaaro,8.4,1983,Naseeruddin Shah;Ravi Baswani;Bhakti Barve;Satish Shah,132,https://www.imdb.com//title/tt0085743/
Scarface,8.3,1983,Al Pacino;Michelle Pfeiffer;Steven Bauer;Mary Elizabeth Mastrantonio,170,https://www.imdb.com//title/tt0086250/
Star Wars: Episode VI - Return of the Jedi,8.3,1983,Mark Hamill;Harrison Ford;Carrie Fisher;Billy Dee Williams,131,https://www.imdb.com//title/tt0086190/
Balkanski spijun,8.9,1984,Danilo 'Bata' Stojkovic;Bora Todorovic;Mira Banjac;Sonja Savic,95,https://www.imdb.com//title/tt0086935/
Varljivo leto '68,8.5,1984,Slavko Stimac;Danilo 'Bata' Stojkovic;Mira Banjac;Mija Aleksic,91,https://www.imdb.com//title/tt0088338/
Amadeus,8.3,1984,F. Murray Abraham;Tom Hulce;Elizabeth Berridge;Roy Dotrice,160,https://www.imdb.com//title/tt0086879/
Terug naar de toekomst,8.5,1985,Michael J. Fox;Christopher Lloyd;Lea Thompson;Crispin Glover,116,https://www.imdb.com//title/tt0088763/
Idi i smotri,8.3,1985,Aleksey Kravchenko;Olga Mironova;Liubomiras Laucevicius;Vladas Bagdonas,142,https://www.imdb.com//title/tt0091251/
Ran,8.2,1985,Tatsuya Nakadai;Akira Terao;Jinpachi Nezu;Daisuke Ryû,162,https://www.imdb.com//title/tt0089881/
Zügürt Aga,8.7,1986,Sener Sen;Erdal Özyagcilar;Nilgün Nazli;Füsun Demirel,101,https://www.imdb.com//title/tt0201368/
Macskafogó,8.4,1986,Miklós Benedek;Gyula Bodrogi;Ilona Béres;Péter Haumann,96,https://www.imdb.com//title/tt0179955/
Aliens,8.3,1986,Sigourney Weaver;Michael Biehn;Carrie Henn;Paul Reiser,137,https://www.imdb.com//title/tt0090605/
Nayakan,8.7,1987,Kamal Haasan;Saranya Ponvannan;Delhi Ganesh;Janakaraj,145,https://www.imdb.com//title/tt0093603/
Muhsin Bey,8.5,1987,Sener Sen;Ugur Yücel;Sermin Hürmeriç;Osman Cavci,119,https://www.imdb.com//title/tt0184756/
Full Metal Jacket,8.3,1987,Matthew Modine;R. Lee Ermey;Vincent D'Onofrio;Adam Baldwin,116,https://www.imdb.com//title/tt0093058/
Chithram,8.6,1988,Mohanlal;Nedumudi Venu;Renjini;Poornam Vishwanathan,159,https://www.imdb.com//title/tt0214585/
Hotaru no haka,8.5,1988,Tsutomu Tatsumi;Ayano Shiraishi;Akemi Yamaguchi;Yoshiko Shinohara,89,https://www.imdb.com//title/tt0095327/
Nuovo Cinema Paradiso,8.5,1988,Philippe Noiret;Enzo Cannavale;Antonella Attili;Isa Danieli,155,https://www.imdb.com//title/tt0095765/
Kireedam,8.8,1989,Mohanlal;Thilakan;Kaviyoor Ponnamma;Parvathi,124,https://www.imdb.com//title/tt0237376/
Uçurtmayi Vurmasinlar,8.4,1989,Ozan Bilen;Nur Sürer;Füsun Demirel;Güzin Özipek,100,https://www.imdb.com//title/tt0098573/
Indiana Jones and the Last Crusade,8.2,1989,Harrison Ford;Sean Connery;Alison Doody;Denholm Elliott,127,https://www.imdb.com//title/tt0097576/
Goodfellas,8.7,1990,Robert De Niro;Ray Liotta;Joe Pesci;Lorraine Bracco,146,https://www.imdb.com//title/tt0099685/
Nema-ye Nazdik,8.3,1990,Hossain Sabzian;Mohsen Makhmalbaf;Abolfazl Ahankhah;Mehrdad Ahankhah,98,https://www.imdb.com//title/tt0100234/
Dances with Wolves,8.0,1990,Kevin Costner;Mary McDonnell;Graham Greene;Rodney A. Grant,181,https://www.imdb.com//title/tt0099348/
The Silence of the Lambs,8.6,1991,Jodie Foster;Anthony Hopkins;Lawrence A. Bonney;Kasi Lemmons,118,https://www.imdb.com//title/tt0102926/
Terminator 2: Judgment Day,8.5,1991,Arnold Schwarzenegger;Linda Hamilton;Edward Furlong;Robert Patrick,137,https://www.imdb.com//title/tt0103064/
Thalapathi,8.5,1991,Rajinikanth;Mammootty;Shobana;Arvind Swamy,157,https://www.imdb.com//title/tt0101649/
Thevar Magan,8.7,1992,Kamal Haasan;Shivaji Ganesan;Nassar;Revathi,145,https://www.imdb.com//title/tt0105575/
Mi nismo andjeli,8.4,1992,Nikola Kojo;Milena Pavlovic;Branka Katic;Srdjan 'Zika' Todorovic,98,https://www.imdb.com//title/tt0104860/
Reservoir Dogs,8.3,1992,Harvey Keitel;Tim Roth;Michael Madsen;Chris Penn,99,https://www.imdb.com//title/tt0105236/
Schindler's List,8.9,1993,Liam Neeson;Ralph Fiennes;Ben Kingsley;Caroline Goodall,195,https://www.imdb.com//title/tt0108052/
Devasuram,8.7,1993,Mohanlal;Revathi;Nedumudi Venu;Innocent,187,https://www.imdb.com//title/tt0291855/
Manichitrathazhu,8.7,1993,Mohanlal;Shobana;Suresh Gopi;Vinaya Prasad,169,https://www.imdb.com//title/tt0214915/
The Shawshank Redemption,9.3,1994,Tim Robbins;Morgan Freeman;Bob Gunton;William Sadler,142,https://www.imdb.com//title/tt0111161/
Pulp Fiction,8.9,1994,John Travolta;Uma Thurman;Samuel L. Jackson;Bruce Willis,154,https://www.imdb.com//title/tt0110912/
Forrest Gump,8.8,1994,Tom Hanks;Robin Wright;Gary Sinise;Sally Field,142,https://www.imdb.com//title/tt0109830/
Seven,8.6,1995,Morgan Freeman;Brad Pitt;Kevin Spacey;Andrew Kevin Walker,127,https://www.imdb.com//title/tt0114369/
Spadikam,8.6,1995,Mohanlal;Thilakan;Sphadikam George;Urvashi,150,https://www.imdb.com//title/tt0292246/
The Usual Suspects,8.5,1995,Kevin Spacey;Gabriel Byrne;Chazz Palminteri;Stephen Baldwin,106,https://www.imdb.com//title/tt0114814/
Lepa sela lepo gore,8.7,1996,Dragan Bjelogrlic;Nikola Kojo;Dragan Maksimovic;Zoran Cvijanovic,115,https://www.imdb.com//title/tt0116860/
Poove Unakkaga,8.7,1996,Anju Aravind;Madhan Bob;Charlie;Jai Ganesh,150,https://www.imdb.com//title/tt2325915/
Eskiya,8.2,1996,Sener Sen;Ugur Yücel;Sermin Hürmeriç;Yesim Salkim,128,https://www.imdb.com//title/tt0116231/
Het leven is mooi,8.6,1997,Roberto Benigni;Nicoletta Braschi;Giorgio Cantarini;Giustino Durano,116,https://www.imdb.com//title/tt0118799/
Iruvar,8.5,1997,Mohanlal;Prakash Raj;Aishwarya Rai Bachchan;Gautami,140,https://www.imdb.com//title/tt0119385/
Mononoke-hime,8.4,1997,Yôji Matsuda;Yuriko Ishida;Yûko Tanaka;Billy Crudup,134,https://www.imdb.com//title/tt0119698/
Lajanje na zvezde,8.7,1998,Dragan Micanovic;Natasa Tapuskovic;Nikola Simic;Velimir 'Bata' Zivojinovic,95,https://www.imdb.com//title/tt0187231/
Saving Private Ryan,8.6,1998,Tom Hanks;Matt Damon;Tom Sizemore;Edward Burns,169,https://www.imdb.com//title/tt0120815/
American History X,8.5,1998,Edward Norton;Edward Furlong;Beverly D'Angelo;Jennifer Lien,119,https://www.imdb.com//title/tt0120586/
Fight Club,8.8,1999,Brad Pitt;Edward Norton;Meat Loaf;Zach Grenier,139,https://www.imdb.com//title/tt0137523/
The Matrix,8.7,1999,Keanu Reeves;Laurence Fishburne;Carrie-Anne Moss;Hugo Weaving,136,https://www.imdb.com//title/tt0133093/
The Green Mile,8.6,1999,Tom Hanks;Michael Clarke Duncan;David Morse;Bonnie Hunt,189,https://www.imdb.com//title/tt0120689/
O Auto da Compadecida,8.7,2000,Matheus Nachtergaele;Selton Mello;Rogério Cardoso;Denise Fraga,104,https://www.imdb.com//title/tt0271383/
Gladiator,8.5,2000,Russell Crowe;Joaquin Phoenix;Connie Nielsen;Oliver Reed,155,https://www.imdb.com//title/tt0172495/
Memento,8.4,2000,Guy Pearce;Carrie-Anne Moss;Joe Pantoliano;Mark Boone Junior,113,https://www.imdb.com//title/tt0209144/
The Lord of the Rings: The Fellowship of the Ring,8.8,2001,Elijah Wood;Ian McKellen;Orlando Bloom;Sean Bean,178,https://www.imdb.com//title/tt0120737/
Spirited Away,8.6,2001,Daveigh Chase;Suzanne Pleshette;Miyu Irino;Rumi Hiiragi,125,https://www.imdb.com//title/tt0245429/
Le fabuleux destin d'Amélie Poulain,8.3,2001,Audrey Tautou;Mathieu Kassovitz;Rufus;Lorella Cravotta,122,https://www.imdb.com//title/tt0211915/
The Lord of the Rings: The Two Towers,8.7,2002,Elijah Wood;Ian McKellen;Viggo Mortensen;Orlando Bloom,179,https://www.imdb.com//title/tt0167261/
Cidade de Deus,8.6,2002,Alexandre Rodrigues;Leandro Firmino;Matheus Nachtergaele;Phellipe Haagensen,130,https://www.imdb.com//title/tt0317248/
Filantropica,8.5,2002,Mircea Diaconu;Gheorghe Dinica;Mara Nicolescu;Viorica Voda,110,https://www.imdb.com//title/tt0314067/
The Lord of the Rings: The Return of the King,8.9,2003,Elijah Wood;Viggo Mortensen;Ian McKellen;Orlando Bloom,201,https://www.imdb.com//title/tt0167260/
Anbe Sivam,8.7,2003,Kamal Haasan;Madhavan;Kiran Rathod;Nassar,160,https://www.imdb.com//title/tt0367495/
La meglio gioventù,8.5,2003,Luigi Lo Cascio;Alessio Boni;Jasmine Trinca;Adriana Asti,366,https://www.imdb.com//title/tt0346336/
Black Friday,8.5,2004,Kay Kay Menon;Pawan Malhotra;Aditya Srivastav;Dibyendu Bhattacharya,143,https://www.imdb.com//title/tt0400234/
Marmoulak,8.5,2004,Parviz Parastui;Bahram Ebrahimi;Shahrokh Foroutanian;Farideh Sepah Mansour,115,https://www.imdb.com//title/tt0416960/
Kad porastem bicu Kengur,8.4,2004,Sergej Trifunovic;Marija Karan;Nebojsa Glogovac;Boris Milivojevic,92,https://www.imdb.com//title/tt0383846/
Graves End,8.6,2005,Eric Roberts;Steven Williams;Daniel Roebuck;Valerie Mikita,90,https://www.imdb.com//title/tt0419781/
Anniyan,8.3,2005,Vikram;Sada;Prakash Raj;Vivek,181,https://www.imdb.com//title/tt0376127/
Athadu,8.2,2005,Mahesh Babu;Trisha Krishnan;Prakash Raj;Sonu Sood,172,https://www.imdb.com//title/tt0471571/
Pudhu Pettai,8.5,2006,Dhanush;Sneha;Sonia Agarwal;Azhagam Perumal,168,https://www.imdb.com//title/tt0459516/
The Departed,8.5,2006,Leonardo DiCaprio;Matt Damon;Jack Nicholson;Mark Wahlberg,151,https://www.imdb.com//title/tt0407887/
The Prestige,8.5,2006,Christian Bale;Hugh Jackman;Scarlett Johansson;Michael Caine,130,https://www.imdb.com//title/tt0482571/
Khuda Kay Liye,8.4,2007,Shaan Shahid;Fawad Khan;Iman Ali;Austin Marie Sayre,168,https://www.imdb.com//title/tt1068956/
Taare Zameen Par,8.4,2007,Darsheel Safary;Aamir Khan;Tisca Chopra;Vipin Sharma,165,https://www.imdb.com//title/tt0986264/
Chak De! India,8.2,2007,Shah Rukh Khan;Vidya Malvade;Sagarika Ghatge;Shilpa Shukla,153,https://www.imdb.com//title/tt0871510/
The Dark Knight,9.0,2008,Christian Bale;Heath Ledger;Aaron Eckhart;Michael Caine,152,https://www.imdb.com//title/tt0468569/
WALL·E,8.4,2008,Ben Burtt;Elissa Knight;Jeff Garlin;Fred Willard,98,https://www.imdb.com//title/tt0910970/
Vaaranam Aayiram,8.2,2008,Suriya;Simran;Ramya;Sameera Reddy,169,https://www.imdb.com//title/tt1180583/
Monpura,8.7,2009,Chanchal Chowdhury;Farhana Mili;Shirin Alam;Mohiuddin Bahar,136,https://www.imdb.com//title/tt1621830/
3 Idiots,8.4,2009,Aamir Khan;Madhavan;Mona Singh;Sharman Joshi,170,https://www.imdb.com//title/tt1187043/
Inglourious Basterds,8.3,2009,Brad Pitt;Diane Kruger;Eli Roth;Mélanie Laurent,153,https://www.imdb.com//title/tt0361748/
Inception,8.8,2010,Leonardo DiCaprio;Joseph Gordon-Levitt;Elliot Page;Ken Watanabe,148,https://www.imdb.com//title/tt1375666/
Les Misérables in Concert: The 25th Anniversary,8.8,2010,Alfie Boe;Norm Lewis;Matt Lucas;Jenny Galloway,178,https://www.imdb.com//title/tt1754109/
Incendies,8.3,2010,Lubna Azabal;Mélissa Désormeaux-Poulin;Maxim Gaudette;Mustafa Kamel,131,https://www.imdb.com//title/tt1255953/
Love on a Leash,8.9,2011,Gloria Winship Ayon;Shane Ayon;Jana Camp;Stephen Kramer Glickman,90,https://www.imdb.com//title/tt2185022/
Kill Bill: The Whole Bloody Affair,8.8,2011,Uma Thurman;Vivica A. Fox;Michael Madsen;Daryl Hannah,247,https://www.imdb.com//title/tt6019206/
The Phantom of the Opera at the Royal Albert Hall,8.8,2011,Ramin Karimloo;Sierra Boggess;Hadley Fraser;Wendy Ferguson,137,https://www.imdb.com//title/tt2077886/
Django Unchained,8.4,2012,Jamie Foxx;Christoph Waltz;Leonardo DiCaprio;Kerry Washington,165,https://www.imdb.com//title/tt1853728/
The Dark Knight Rises,8.4,2012,Christian Bale;Tom Hardy;Anne Hathaway;Gary Oldman,164,https://www.imdb.com//title/tt1345836/
It's Such a Beautiful Day,8.3,2012,No actors found,62,https://www.imdb.com//title/tt2396224/
Drishyam,8.3,2013,Mohanlal;Meena;Asha Sharath;Ansiba,160,https://www.imdb.com//title/tt3417422/
Lucia,8.3,2013,Sathish Neenasam;Sruthi Hariharan;Achyuth Kumar;Sabreen Baker,135,https://www.imdb.com//title/tt2358592/
So-won,8.3,2013,Re Lee;Sol Kyung-gu;Ji-won Uhm;Kim Hae-sook,122,https://www.imdb.com//title/tt3153634/
Interstellar,8.6,2014,Matthew McConaughey;Anne Hathaway;Jessica Chastain;Mackenzie Foy,169,https://www.imdb.com//title/tt0816692/
Whiplash,8.5,2014,Miles Teller;J.K. Simmons;Melissa Benoist;Paul Reiser,106,https://www.imdb.com//title/tt2582802/
Kaakkaa Muttai,8.4,2014,Ramesh;J. Vignesh;Aishwarya Rajesh;Ramesh Thilak,91,https://www.imdb.com//title/tt3973410/
Visaaranai,8.5,2015,Dinesh;Samuthirakani;Anandhi;Murugadass,117,https://www.imdb.com//title/tt4991384/
Papanasam,8.4,2015,Kamal Haasan;Gautami;Nivetha Thomas;Esther Anil,179,https://www.imdb.com//title/tt4429128/
Thani Oruvan,8.4,2015,Jayam Ravi;Arvind Swamy;Nayanthara;Nassar,160,https://www.imdb.com//title/tt4987556/
Aynabaji,9.1,2016,Chanchal Chowdhury;Masuma Rahman Nabila;Partha Barua;Lutfur Rahman George,147,https://www.imdb.com//title/tt5354160/
Natsamrat,8.9,2016,Nana Patekar;Medha Manjrekar;Mrunmayee Deshpande;Sunil Barve,166,https://www.imdb.com//title/tt5311546/
Dag II,8.7,2016,Caglar Ertugrul;Ufuk Bayraktar;Ahu Türkpençe;Murat Serezli,135,https://www.imdb.com//title/tt5813916/
Aloko Udapadi,9.0,2017,Uddika Premarathna;Dilhani Ekanayake;Roshan Ravindra;Menaka Peiris,113,https://www.imdb.com//title/tt5963218/
Ayla: The Daughter of War,8.4,2017,Çetin Tekindor;Ismail Hacioglu;Kyung-jin Lee;Kim Seol,125,https://www.imdb.com//title/tt6316138/
Coco,8.4,2017,Anthony Gonzalez;Gael García Bernal;Benjamin Bratt;Alanna Ubach,105,https://www.imdb.com//title/tt2380307/
C/o Kancharapalem,8.9,2018,Radha Bessy;Subba Rao Vepada;Praneeta Patnaik;Karthik Rathnam,152,https://www.imdb.com//title/tt7391996/
Peranbu,8.9,2018,Mammootty;Sadhana;Anjali;Anjali Ameer,147,https://www.imdb.com//title/tt7738784/
Pariyerum Perumal,8.8,2018,Kathir;Anandhi;Yogi Babu;Lijeesh,154,https://www.imdb.com//title/tt8176054/
Gisaengchung,8.6,2019,Kang-ho Song;Sun-kyun Lee;Yeo-jeong Cho;Woo-sik Choi,132,https://www.imdb.com//title/tt6751668/
Jersey,8.6,2019,Nani;Shraddha Srinath;Sathyaraj;Harish Kalyan,157,https://www.imdb.com//title/tt8948790/
Kumbalangi Nights,8.6,2019,Shane Nigam;Soubin Shahir;Fahadh Faasil;Sreenath Bhasi,135,https://www.imdb.com//title/tt8413338/
Soorarai Pottru,9.1,2020,Suriya;Paresh Rawal;Aparna Balamurali;Gaurav Pareek,153,https://www.imdb.com//title/tt10189514/
Dara iz Jasenovca,8.8,2020,Biljana Cekic;Zlatan Vidovic;Anja Stanic;Luka Saranovic,130,https://www.imdb.com//title/tt10554232/
Shingeki no Kyojin: Chronicle,8.6,2020,Marina Inoue;Yui Ishikawa;Yûki Kaji;Yû Shimamura,122,https://www.imdb.com//title/tt12415546/
