title,rating,year,actors,runtime,url,languages
All Quiet on the Western Front,8.1,1930,Lew Ayres;Louis Wolheim;John Wray;Arnold Lucy,152,https://www.imdb.com//title/tt0020629/,English;French;German;Latin
Der blaue Engel,7.7,1930,Emil Jannings;Marlene Dietrich;Kurt Gerron;Rosa Valetti,104,https://www.imdb.com//title/tt0020697/,German;English;French
Animal Crackers,7.5,1930,Groucho Marx;Harpo Marx;Chico Marx;The Marx Brothers,97,https://www.imdb.com//title/tt0020640/,English
Hell's Angels,7.3,1930,Ben Lyon;James Hall;Jean Harlow;John Darrow,127,https://www.imdb.com//title/tt0020960/,English;German;French
L'âge d'or,7.3,1930,Gaston Modot;Lya Lys;Caridad de Laberdesque;Max Ernst,60,https://www.imdb.com//title/tt0021577/,French
City Lights,8.5,1931,Charles Chaplin;Virginia Cherrill;Florence Lee;Harry Myers,87,https://www.imdb.com//title/tt0021749/,None;English
M - Eine Stadt sucht einen Mörder,8.3,1931,Peter Lorre;Ellen Widmann;Inge Landgut;Otto Wernicke,117,https://www.imdb.com//title/tt0022100/,German
Frankenstein,7.8,1931,Colin Clive;Mae Clarke;Boris Karloff;John Boles,70,https://www.imdb.com//title/tt0021884/,English;Latin
The Public Enemy,7.7,1931,James Cagney;Jean Harlow;Edward Woods;Joan Blondell,83,https://www.imdb.com//title/tt0022286/,English
Dr. Jekyll and Mr. Hyde,7.6,1931,Fredric March;Miriam Hopkins;Rose Hobart;Holmes Herbert,98,https://www.imdb.com//title/tt0022835/,English
Ik ben een vluchteling,8.2,1932,Paul Muni;Glenda Farrell;Helen Vinson;Noel Francis,92,https://www.imdb.com//title/tt0023042/,English
Otona no miru ehon - Umarete wa mita keredo,8.0,1932,Tatsuo Saitô;Tomio Aoki;Mitsuko Yoshikawa;Hideo Sugawara,100,https://www.imdb.com//title/tt0023634/,None;Japanese
Trouble in Paradise (De firma Adam & Eva),8.0,1932,Miriam Hopkins;Kay Francis;Herbert Marshall;Charles Ruggles,83,https://www.imdb.com//title/tt0023622/,English;Italian;French;Russian;Spanish;German
Freaks,7.9,1932,Wallace Ford;Leila Hyams;Olga Baclanova;Roscoe Ates,64,https://www.imdb.com//title/tt0022913/,English;German;French
Scarface,7.8,1932,Paul Muni;Ann Dvorak;Karen Morley;Osgood Perkins,93,https://www.imdb.com//title/tt0023427/,English
Das Testament des Dr. Mabuse,8.0,1933,Rudolf Klein-Rogge;Otto Wernicke;Thomy Bourdelle;Gustav Diessl,122,https://www.imdb.com//title/tt0023563/,German;French
King Kong,7.9,1933,Fay Wray;Robert Armstrong;Bruce Cabot;Frank Reicher,100,https://www.imdb.com//title/tt0024216/,English
De dictator,7.8,1933,Groucho Marx;Harpo Marx;Chico Marx;Zeppo Marx,69,https://www.imdb.com//title/tt0023969/,English
De onzichtbare man,7.7,1933,Claude Rains;Gloria Stuart;William Harrigan;Henry Travers,71,https://www.imdb.com//title/tt0024184/,English
Gold Diggers of 1933,7.7,1933,Warren William;Joan Blondell;Aline MacMahon;Ruby Keeler,97,https://www.imdb.com//title/tt0024069/,English
Het gebeurde op 'n avond,8.1,1934,Clark Gable;Claudette Colbert;Walter Connolly;Roscoe Karns,105,https://www.imdb.com//title/tt0025316/,English
The Thin Man,8.0,1934,William Powell;Myrna Loy;Maureen O'Sullivan;Nat Pendleton,91,https://www.imdb.com//title/tt0025878/,English
L'Atalante,7.8,1934,Dita Parlo;Jean Dasté;Gilles Margaritis;Louis Lefebvre,89,https://www.imdb.com//title/tt0024844/,French;Russian
Tsarina van Rusland,7.6,1934,Marlene Dietrich;John Lodge;Sam Jaffe;Louise Dresser,104,https://www.imdb.com//title/tt0025746/,English
The Gay Divorcee,7.5,1934,Fred Astaire;Ginger Rogers;Alice Brady;Edward Everett Horton,107,https://www.imdb.com//title/tt0025164/,English;French;Italian
A Night at the Opera,7.9,1935,Groucho Marx;Chico Marx;Harpo Marx;Kitty Carlisle,96,https://www.imdb.com//title/tt0026778/,English;Italian
A Tale of Two Cities,7.8,1935,Ronald Colman;Elizabeth Allan;Edna May Oliver;Reginald Owen,128,https://www.imdb.com//title/tt0027075/,English
Bride of Frankenstein,7.8,1935,Boris Karloff;Elsa Lanchester;Colin Clive;Valerie Hobson,75,https://www.imdb.com//title/tt0026138/,English
Top Hat,7.8,1935,Fred Astaire;Ginger Rogers;Edward Everett Horton;Erik Rhodes,101,https://www.imdb.com//title/tt0027125/,English;Italian
Kapitein Blood,7.7,1935,Errol Flynn;Olivia de Havilland;Lionel Atwill;Basil Rathbone,119,https://www.imdb.com//title/tt0026174/,English;French
Modern Times,8.5,1936,Charles Chaplin;Paulette Goddard;Henry Bergman;Tiny Sandford,87,https://www.imdb.com//title/tt0027977/,English
My Man Godfrey,8.0,1936,William Powell;Carole Lombard;Alice Brady;Gail Patrick,94,https://www.imdb.com//title/tt0028010/,English;Russian
Fury,7.9,1936,Sylvia Sidney;Spencer Tracy;Walter Abel;Bruce Cabot,92,https://www.imdb.com//title/tt0027652/,English
Mr. Deeds Goes to Town,7.9,1936,Gary Cooper;Jean Arthur;George Bancroft;Lionel Stander,115,https://www.imdb.com//title/tt0027996/,English
"Nee, mevrouw, dat nooit!",7.9,1936,Jean Harlow;William Powell;Myrna Loy;Spencer Tracy,98,https://www.imdb.com//title/tt0027884/,English
Make Way for Tomorrow,8.2,1937,Victor Moore;Beulah Bondi;Fay Bainter;Thomas Mitchell,91,https://www.imdb.com//title/tt0029192/,English
La Grande Illusion,8.1,1937,Jean Gabin;Dita Parlo;Pierre Fresnay;Erich von Stroheim,113,https://www.imdb.com//title/tt0028950/,French;German;English;Russian
De stormduivels,8.0,1937,Spencer Tracy;Freddie Bartholomew;Lionel Barrymore;Melvyn Douglas,117,https://www.imdb.com//title/tt0028691/,English;Portuguese
Pépé le Moko,7.8,1937,Jean Gabin;Gabriel Gabrio;Saturnin Fabre;Fernand Charpin,94,https://www.imdb.com//title/tt0029453/,French;Arabic
Stage Door,7.8,1937,Katharine Hepburn;Ginger Rogers;Adolphe Menjou;Gail Patrick,92,https://www.imdb.com//title/tt0029604/,English
Bringing Up Baby,7.9,1938,Katharine Hepburn;Cary Grant;Charles Ruggles;Walter Catlett,102,https://www.imdb.com//title/tt0029947/,English
Engelen met smerige gezichten,7.9,1938,James Cagney;Pat O'Brien;Humphrey Bogart;Ann Sheridan,97,https://www.imdb.com//title/tt0029870/,English
The Adventures of Robin Hood,7.9,1938,Errol Flynn;Olivia de Havilland;Basil Rathbone;Claude Rains,102,https://www.imdb.com//title/tt0029843/,English
You Can't Take It with You,7.9,1938,Jean Arthur;James Stewart;Lionel Barrymore;Edward Arnold,126,https://www.imdb.com//title/tt0030993/,English;Russian
Levensproblemen,7.8,1938,Katharine Hepburn;Cary Grant;Doris Nolan;Lew Ayres,95,https://www.imdb.com//title/tt0030241/,English
Gejaagd door de wind,8.1,1939,Clark Gable;Vivien Leigh;Thomas Mitchell;Barbara O'Neil,238,https://www.imdb.com//title/tt0031381/,English
Mr. Smith Goes to Washington,8.1,1939,James Stewart;Jean Arthur;Claude Rains;Edward Arnold,129,https://www.imdb.com//title/tt0031679/,English
La règle du jeu,8.0,1939,Marcel Dalio;Nora Gregor;Paulette Dubost;Mila Parély,110,https://www.imdb.com//title/tt0031885/,French;German;English
The Wizard of Oz,8.0,1939,Judy Garland;Frank Morgan;Ray Bolger;Bert Lahr,102,https://www.imdb.com//title/tt0032138/,English
"Goodbye, Mr. Chips",7.9,1939,Robert Donat;Greer Garson;Terry Kilburn;John Mills,114,https://www.imdb.com//title/tt0031385/,English;Latin;German
De dictator,8.4,1940,Charles Chaplin;Paulette Goddard;Jack Oakie;Reginald Gardiner,125,https://www.imdb.com//title/tt0032553/,English;Esperanto
Rebecca,8.1,1940,Laurence Olivier;Joan Fontaine;George Sanders;Judith Anderson,130,https://www.imdb.com//title/tt0032976/,English;French
The Grapes of Wrath,8.1,1940,Henry Fonda;Jane Darwell;John Carradine;Charley Grapewin,129,https://www.imdb.com//title/tt0032551/,English
The Shop Around the Corner,8.1,1940,Margaret Sullavan;James Stewart;Frank Morgan;Joseph Schildkraut,99,https://www.imdb.com//title/tt0033045/,English
De bronzen godin,7.9,1940,Cary Grant;Katharine Hepburn;James Stewart;Ruth Hussey,112,https://www.imdb.com//title/tt0032904/,English;French
Citizen Kane,8.3,1941,Orson Welles;Joseph Cotten;Dorothy Comingore;Agnes Moorehead,119,https://www.imdb.com//title/tt0033467/,English;Italian
The Little Foxes,8.0,1941,Bette Davis;Herbert Marshall;Teresa Wright;Richard Carlson,116,https://www.imdb.com//title/tt0033836/,English
The Maltese Falcon,8.0,1941,Humphrey Bogart;Mary Astor;Gladys George;Peter Lorre,100,https://www.imdb.com//title/tt0033870/,English
Sullivan's Travels,7.9,1941,Joel McCrea;Veronica Lake;Robert Warwick;William Demarest,90,https://www.imdb.com//title/tt0034240/,English
Acht professoren en een meisje,7.8,1941,Gary Cooper;Barbara Stanwyck;Oskar Homolka;Henry Travers,111,https://www.imdb.com//title/tt0033373/,English
Casablanca,8.5,1942,Humphrey Bogart;Ingrid Bergman;Paul Henreid;Claude Rains,102,https://www.imdb.com//title/tt0034583/,English;French;German;Italian
Spionnage in het spel,8.2,1942,Carole Lombard;Jack Benny;Robert Stack;Felix Bressart,99,https://www.imdb.com//title/tt0035446/,English;German
Gevangenen van 't verleden,8.0,1942,Ronald Colman;Greer Garson;Philip Dorn;Susan Peters,126,https://www.imdb.com//title/tt0035238/,English
The Ox-Bow Incident,8.0,1942,Henry Fonda;Dana Andrews;Mary Beth Hughes;Anthony Quinn,75,https://www.imdb.com//title/tt0036244/,English;Spanish
"Now, Voyager",7.9,1942,Bette Davis;Paul Henreid;Claude Rains;Gladys Cooper,117,https://www.imdb.com//title/tt0035140/,English;Portuguese
De dag des oordeels,8.1,1943,Thorkild Roose;Lisbeth Movin;Sigrid Neiiendam;Kirsten Andreasen,97,https://www.imdb.com//title/tt0036506/,Danish
The Life and Death of Colonel Blimp,8.1,1943,Roger Livesey;Deborah Kerr;Anton Walbrook;James McKechnie,163,https://www.imdb.com//title/tt0036112/,English;French;German
Arsenicum en oude kant,8.0,1943,Cary Grant;Priscilla Lane;Raymond Massey;Jack Carson,118,https://www.imdb.com//title/tt0036613/,English;German
Le corbeau,7.9,1943,Pierre Fresnay;Ginette Leclerc;Micheline Francey;Héléna Manson,92,https://www.imdb.com//title/tt0035753/,French
Shadow of a Doubt,7.8,1943,Teresa Wright;Joseph Cotten;Macdonald Carey;Henry Travers,108,https://www.imdb.com//title/tt0036342/,English
Double Indemnity,8.3,1944,Fred MacMurray;Barbara Stanwyck;Edward G. Robinson;Byron Barr,107,https://www.imdb.com//title/tt0036775/,English
Laura,8.0,1944,Gene Tierney;Dana Andrews;Clifton Webb;Vincent Price,88,https://www.imdb.com//title/tt0037008/,English
Avontuur op Martinique,7.8,1944,Humphrey Bogart;Lauren Bacall;Walter Brennan;Dolores Moran,100,https://www.imdb.com//title/tt0037382/,English;French
De belhamel,7.8,1944,Heinz Rühmann;Karin Himboldt;Hilde Sessak;Erich Ponto,97,https://www.imdb.com//title/tt0036818/,German
Gaslight,7.8,1944,Charles Boyer;Ingrid Bergman;Joseph Cotten;May Whitty,114,https://www.imdb.com//title/tt0036855/,English;Italian
Les enfants du paradis,8.4,1945,Arletty;Jean-Louis Barrault;Pierre Brasseur;Pierre Renoir,189,https://www.imdb.com//title/tt0037674/,French
Roma città aperta,8.1,1945,Anna Magnani;Aldo Fabrizi;Marcello Pagliero;Vito Annichiarico,103,https://www.imdb.com//title/tt0038890/,Italian;German;Latin
A Tree Grows in Brooklyn,8.0,1945,Dorothy McGuire;Joan Blondell;James Dunn;Lloyd Nolan,129,https://www.imdb.com//title/tt0038190/,English
Brief Encounter,8.0,1945,Celia Johnson;Trevor Howard;Stanley Holloway;Joyce Carey,86,https://www.imdb.com//title/tt0037558/,English;French
Mildred Pierce,8.0,1945,Joan Crawford;Jack Carson;Zachary Scott;Eve Arden,111,https://www.imdb.com//title/tt0037913/,English;French
It's a Wonderful Life,8.6,1946,James Stewart;Donna Reed;Lionel Barrymore;Thomas Mitchell,130,https://www.imdb.com//title/tt0038650/,English;French
De beste jaren van ons leven,8.1,1946,Myrna Loy;Dana Andrews;Fredric March;Teresa Wright,170,https://www.imdb.com//title/tt0036868/,English
Een Zaak van Leven en Dood,8.1,1946,David Niven;Kim Hunter;Robert Coote;Kathleen Byron,104,https://www.imdb.com//title/tt0038733/,English;French;Russian
De schoenpoetsertjes,8.0,1946,Rinaldo Smordoni;Franco Interlenghi;Annielo Mele;Bruno Ortensi,87,https://www.imdb.com//title/tt0038913/,Italian;English
Notorious,8.0,1946,Cary Grant;Ingrid Bergman;Claude Rains;Louis Calhern,102,https://www.imdb.com//title/tt0038787/,English;French;Portuguese
Gangsters vergeten niet,8.0,1947,Robert Mitchum;Jane Greer;Kirk Douglas;Rhonda Fleming,97,https://www.imdb.com//title/tt0039689/,English;American Sign Language
Miracle on 34th Street,7.9,1947,Edmund Gwenn;Maureen O'Hara;John Payne;Gene Lockhart,96,https://www.imdb.com//title/tt0039628/,English;Dutch
Monsieur Verdoux,7.9,1947,Charles Chaplin;Mady Correll;Allison Roddan;Robert Lewis,124,https://www.imdb.com//title/tt0039631/,English
Mrs. Muir ziet spoken,7.9,1947,Gene Tierney;Rex Harrison;George Sanders;Edna Best,104,https://www.imdb.com//title/tt0039420/,English
Black Narcissus,7.8,1947,Deborah Kerr;David Farrar;Flora Robson;Jenny Laird,101,https://www.imdb.com//title/tt0039192/,English
Ladri di biciclette,8.3,1948,Lamberto Maggiorani;Enzo Staiola;Lianella Carell;Elena Altieri,89,https://www.imdb.com//title/tt0040522/,Italian;English;German
The Treasure of the Sierra Madre,8.2,1948,Humphrey Bogart;Walter Huston;Tim Holt;Bruce Bennett,126,https://www.imdb.com//title/tt0040897/,English;Spanish
The Red Shoes,8.1,1948,Anton Walbrook;Marius Goring;Moira Shearer;Robert Helpmann,135,https://www.imdb.com//title/tt0040725/,English;French;Russian
Brief van een onbekende vrouw,8.0,1948,Joan Fontaine;Louis Jourdan;Mady Christians;Marcel Journet,87,https://www.imdb.com//title/tt0040536/,English
Rope,8.0,1948,James Stewart;John Dall;Farley Granger;Dick Hogan,80,https://www.imdb.com//title/tt0040746/,English
Banshun,8.3,1949,Chishû Ryû;Setsuko Hara;Yumeji Tsukioka;Haruko Sugimura,108,https://www.imdb.com//title/tt0041154/,Japanese
De erfgename,8.2,1949,Olivia de Havilland;Montgomery Clift;Ralph Richardson;Miriam Hopkins,115,https://www.imdb.com//title/tt0041452/,English;French
The Third Man,8.1,1949,Orson Welles;Joseph Cotten;Alida Valli;Trevor Howard,104,https://www.imdb.com//title/tt0041959/,English;German;Russian
White Heat,8.1,1949,James Cagney;Virginia Mayo;Edmond O'Brien;Margaret Wycherly,114,https://www.imdb.com//title/tt0042041/,English
Kind Hearts and Coronets,8.0,1949,Dennis Price;Alec Guinness;Valerie Hobson;Joan Greenwood,106,https://www.imdb.com//title/tt0041546/,English
Sunset Boulevard,8.4,1950,William Holden;Gloria Swanson;Erich von Stroheim;Nancy Olson,110,https://www.imdb.com//title/tt0043014/,English
Los olvidados,8.3,1950,Alfonso Mejía;Roberto Cobo;Estela Inda;Miguel Inclán,85,https://www.imdb.com//title/tt0042804/,Spanish
All About Eve,8.2,1950,Bette Davis;Anne Baxter;George Sanders;Celeste Holm,138,https://www.imdb.com//title/tt0042192/,English;French
Rashômon,8.2,1950,Toshirô Mifune;Machiko Kyô;Masayuki Mori;Takashi Shimura,88,https://www.imdb.com//title/tt0042876/,Japanese
Orphée,8.0,1950,Jean Marais;François Périer;María Casares;Marie Déa,112,https://www.imdb.com//title/tt0041719/,French
Early Summer,8.2,1951,Setsuko Hara;Chishû Ryû;Chikage Awashima;Kuniko Miyake,125,https://www.imdb.com//title/tt0043313/,Japanese;English
Het grote carnaval,8.1,1951,Kirk Douglas;Jan Sterling;Robert Arthur;Porter Hall,111,https://www.imdb.com//title/tt0043338/,English;Spanish;Latin
Scrooge,8.1,1951,Alastair Sim;Jack Warner;Kathleen Harrison;Mervyn Johns,86,https://www.imdb.com//title/tt0044008/,English
A Streetcar Named Desire,8.0,1951,Vivien Leigh;Marlon Brando;Kim Hunter;Karl Malden,122,https://www.imdb.com//title/tt0044081/,English;Spanish
De maniak,8.0,1951,Farley Granger;Robert Walker;Ruth Roman;Leo G. Carroll,101,https://www.imdb.com//title/tt0044079/,English;French
Ikiru,8.3,1952,Takashi Shimura;Nobuo Kaneko;Shin'ichi Himori;Haruo Tanaka,143,https://www.imdb.com//title/tt0044741/,Japanese
Singin' in the Rain,8.3,1952,Gene Kelly;Donald O'Connor;Debbie Reynolds;Jean Hagen,103,https://www.imdb.com//title/tt0045152/,English
Umberto D.,8.2,1952,Carlo Battisti;Maria Pia Casilio;Lina Gennari;Ileana Simova,89,https://www.imdb.com//title/tt0045274/,Italian
Jeux interdits,8.1,1952,Georges Poujouly;Brigitte Fossey;Amédée;Laurence Badie,86,https://www.imdb.com//title/tt0043686/,French
Limelight,8.1,1952,Charles Chaplin;Claire Bloom;Nigel Bruce;Buster Keaton,137,https://www.imdb.com//title/tt0044837/,English
Tôkyô monogatari,8.2,1953,Chishû Ryû;Chieko Higashiyama;Sô Yamamura;Setsuko Hara,136,https://www.imdb.com//title/tt0046438/,Japanese;English
Ugetsu monogatari,8.2,1953,Masayuki Mori;Machiko Kyô;Kinuyo Tanaka;Mitsuko Mito,96,https://www.imdb.com//title/tt0046478/,Japanese
Het loon van de Angst,8.1,1953,Yves Montand;Charles Vanel;Peter van Eyck;Folco Lulli,131,https://www.imdb.com//title/tt0046268/,French;English;Spanish;German;Italian;Russian
Madame de...,8.0,1953,Charles Boyer;Danielle Darrieux;Vittorio De Sica;Jean Debucourt,105,https://www.imdb.com//title/tt0046022/,French;Turkish
Roman Holiday,8.0,1953,Gregory Peck;Audrey Hepburn;Eddie Albert;Hartley Power,118,https://www.imdb.com//title/tt0046250/,English;Italian;German
Shichinin no samurai,8.6,1954,Toshirô Mifune;Takashi Shimura;Keiko Tsushima;Yukiko Shimazaki,207,https://www.imdb.com//title/tt0047478/,Japanese
Rear Window,8.5,1954,James Stewart;Grace Kelly;Wendell Corey;Thelma Ritter,112,https://www.imdb.com//title/tt0047396/,English
Sanshô dayû,8.4,1954,Kinuyo Tanaka;Yoshiaki Hanayagi;Kyôko Kagawa;Eitarô Shindô,124,https://www.imdb.com//title/tt0047445/,Japanese
Dial M for Murder,8.2,1954,Ray Milland;Grace Kelly;Robert Cummings;John Williams,105,https://www.imdb.com//title/tt0046912/,English
On the Waterfront,8.1,1954,Marlon Brando;Karl Malden;Lee J. Cobb;Rod Steiger,108,https://www.imdb.com//title/tt0047296/,English
Pather Panchali,8.5,1955,Kanu Bannerjee;Karuna Bannerjee;Subir Banerjee;Chunibala Devi,125,https://www.imdb.com//title/tt0048473/,Bengali
Ordet,8.3,1955,Henrik Malberg;Emil Hass Christensen;Preben Lerdorff Rye;Hanne Aagesen,126,https://www.imdb.com//title/tt0048452/,Danish
Demonen,8.1,1955,Simone Signoret;Véra Clouzot;Paul Meurisse;Charles Vanel,117,https://www.imdb.com//title/tt0046911/,French;English
Du rififi chez les hommes,8.1,1955,Jean Servais;Carl Möhner;Robert Manuel;Janine Darcey,118,https://www.imdb.com//title/tt0048021/,French;Italian;English
The Night of the Hunter,8.0,1955,Robert Mitchum;Shelley Winters;Lillian Gish;James Gleason,92,https://www.imdb.com//title/tt0048424/,English
Aparajito,8.3,1956,Pinaki Sengupta;Smaran Ghosal;Kamala Adhikari;Lalchand Banerjee,110,https://www.imdb.com//title/tt0048956/,Bengali
Un condamné à mort s'est échappé ou Le vent souffle où il veut,8.3,1956,François Leterrier;Charles Le Clainche;Maurice Beerblock;Roland Monod,101,https://www.imdb.com//title/tt0049902/,French;German
Biruma no tategoto,8.1,1956,Rentarô Mikuni;Shôji Yasui;Tatsuya Mihashi;Jun Hamamura,116,https://www.imdb.com//title/tt0049012/,Japanese;English;Burmese
The Killing,8.0,1956,Sterling Hayden;Coleen Gray;Vince Edwards;Jay C. Flippen,84,https://www.imdb.com//title/tt0049406/,English
De Tien Geboden,7.9,1956,Charlton Heston;Yul Brynner;Anne Baxter;Edward G. Robinson,220,https://www.imdb.com//title/tt0049833/,English
De 12 gezworenen,9.0,1957,Henry Fonda;Lee J. Cobb;Martin Balsam;John Fiedler,96,https://www.imdb.com//title/tt0050083/,English
Pyaasa,8.5,1957,Guru Dutt;Waheeda Rehman;Mala Sinha;Rehman,146,https://www.imdb.com//title/tt0050870/,Hindi
Het veld van eer,8.4,1957,Kirk Douglas;Ralph Meeker;Adolphe Menjou;George Macready,88,https://www.imdb.com//title/tt0050825/,English;German;Latin
Witness for the Prosecution,8.4,1957,Tyrone Power;Marlene Dietrich;Charles Laughton;Elsa Lanchester,116,https://www.imdb.com//title/tt0051201/,English;German
Letyat zhuravli,8.3,1957,Tatyana Samoylova;Aleksey Batalov;Vasiliy Merkurev;Aleksandr Shvorin,95,https://www.imdb.com//title/tt0050634/,Russian
Vertigo,8.3,1958,James Stewart;Kim Novak;Barbara Bel Geddes;Tom Helmore,128,https://www.imdb.com//title/tt0052357/,English
Kakushi-toride no san-akunin,8.1,1958,Toshirô Mifune;Misa Uehara;Minoru Chiaki;Kamatari Fujiwara,139,https://www.imdb.com//title/tt0051808/,Japanese
De lift naar het schavot,8.0,1958,Jeanne Moreau;Maurice Ronet;Georges Poujouly;Yori Bertin,91,https://www.imdb.com//title/tt0051378/,French;German
I soliti ignoti,8.0,1958,Vittorio Gassman;Marcello Mastroianni;Renato Salvatori;Totò,106,https://www.imdb.com//title/tt0052216/,Italian
Jalsaghar,8.0,1958,Chhabi Biswas;Sardar Akhtar;Gangapada Basu;Bismillah Khan,100,https://www.imdb.com//title/tt0051792/,Bengali
Apur Sansar,8.5,1959,Soumitra Chatterjee;Sharmila Tagore;Alok Chakravarty;Swapan Mukherjee,105,https://www.imdb.com//title/tt0052572/,Bengali
Ningen no jôken,8.5,1959,Tatsuya Nakadai;Michiyo Aratama;Chikage Awashima;Ineko Arima,208,https://www.imdb.com//title/tt0053114/,Japanese;Mandarin
Ningen no jôken,8.5,1959,Tatsuya Nakadai;Michiyo Aratama;Kokinji Katsura;Jun Tatara,181,https://www.imdb.com//title/tt0053115/,Japanese;Mandarin;Russian
North by Northwest,8.3,1959,Cary Grant;Eva Marie Saint;James Mason;Jessie Royce Landis,136,https://www.imdb.com//title/tt0053125/,English;French
Ballada o soldate,8.2,1959,Vladimir Ivashov;Zhanna Prokhorenko;Antonina Maksimova;Nikolay Kryuchkov,88,https://www.imdb.com//title/tt0052600/,Russian
Le trou,8.5,1960,André Bervil;Jean Keraudy;Michel Constantin;Philippe Leroy,131,https://www.imdb.com//title/tt0054407/,French
Psycho,8.5,1960,Anthony Perkins;Janet Leigh;Vera Miles;John Gavin,109,https://www.imdb.com//title/tt0054215/,English
Het appartement,8.3,1960,Jack Lemmon;Shirley MacLaine;Fred MacMurray;Ray Walston,125,https://www.imdb.com//title/tt0053604/,English
Rocco e i suoi fratelli,8.3,1960,Alain Delon;Renato Salvatori;Annie Girardot;Claudia Cardinale,179,https://www.imdb.com//title/tt0054248/,Italian
Mughal-E-Azam,8.2,1960,Prithviraj Kapoor;Madhubala;Dilip Kumar;Durga Khote,197,https://www.imdb.com//title/tt0054098/,Urdu
Ningen no jôken,8.8,1961,Tatsuya Nakadai;Michiyo Aratama;Tamao Nakamura;Yûsuke Kawazu,190,https://www.imdb.com//title/tt0055233/,Japanese;Mandarin;Russian
Oordeel te Neurenberg,8.2,1961,Spencer Tracy;Burt Lancaster;Richard Widmark;Marlene Dietrich,179,https://www.imdb.com//title/tt0055031/,English;German
Yôjinbô,8.2,1961,Toshirô Mifune;Eijirô Tôno;Tatsuya Nakadai;Yôko Tsukasa,110,https://www.imdb.com//title/tt0055630/,Japanese
Viridiana,8.1,1961,Silvia Pinal;Francisco Rabal;Fernando Rey;José Calvo,90,https://www.imdb.com//title/tt0055601/,Spanish;English
A Raisin in the Sun,8.0,1961,Sidney Poitier;Claudia McNeil;Ruby Dee;Diana Sands,128,https://www.imdb.com//title/tt0055353/,English
Seppuku,8.6,1962,Tatsuya Nakadai;Akira Ishihama;Shima Iwashita;Tetsurô Tanba,133,https://www.imdb.com//title/tt0056058/,Japanese
Il sorpasso,8.3,1962,Vittorio Gassman;Jean-Louis Trintignant;Catherine Spaak;Claudio Gora,105,https://www.imdb.com//title/tt0056512/,Italian;Latin;German;English;Arabic
Lawrence of Arabia,8.3,1962,Peter O'Toole;Alec Guinness;Anthony Quinn;Jack Hawkins,228,https://www.imdb.com//title/tt0056172/,English;Arabic;Turkish
To Kill a Mockingbird,8.3,1962,Gregory Peck;John Megna;Frank Overton;Rosemary Murphy,129,https://www.imdb.com//title/tt0056592/,English
An Autumn Afternoon,8.1,1962,Chishû Ryû;Shima Iwashita;Keiji Sada;Mariko Okada,113,https://www.imdb.com//title/tt0056444/,Japanese
Tengoku to jigoku,8.4,1963,Toshirô Mifune;Yutaka Sada;Tatsuya Nakadai;Kyôko Kagawa,143,https://www.imdb.com//title/tt0057565/,Japanese
The Great Escape,8.2,1963,Steve McQueen;James Garner;Richard Attenborough;Charles Bronson,172,https://www.imdb.com//title/tt0057115/,English;German;French;Russian;Spanish
Nattvardsgästerna,8.1,1963,Ingrid Thulin;Gunnar Björnstrand;Gunnel Lindblom;Max von Sydow,81,https://www.imdb.com//title/tt0057358/,Swedish
8½,8.0,1963,Marcello Mastroianni;Anouk Aimée;Claudia Cardinale;Sandra Milo,138,https://www.imdb.com//title/tt0056801/,Italian;French;English;German
El verdugo,8.0,1963,Nino Manfredi;Emma Penella;José Isbert;José Luis López Vázquez,87,https://www.imdb.com//title/tt0057643/,Spanish
De vrouw in het zand,8.5,1964,Eiji Okada;Kyôko Kishida;Hiroko Itô;Kôji Mitsui,147,https://www.imdb.com//title/tt0058625/,Japanese
Dr. Strangelove or: How I Learned to Stop Worrying and Love the Bomb,8.4,1964,Peter Sellers;George C. Scott;Sterling Hayden;Keenan Wynn,95,https://www.imdb.com//title/tt0057012/,English;Russian
Charulata,8.2,1964,Soumitra Chatterjee;Madhabi Mukherjee;Shailen Mukherjee;Shyamal Ghoshal,117,https://www.imdb.com//title/tt0057935/,Bengali;English
Soy Cuba,8.2,1964,Sergio Corrieri;Salvador Wood;José Gallardo;Raúl García,141,https://www.imdb.com//title/tt0058604/,Spanish;English
A Fistfull of Dollars,8.0,1964,Clint Eastwood;Gian Maria Volontè;Marianne Koch;Wolfgang Lukschy,99,https://www.imdb.com//title/tt0058461/,Italian;Spanish
Operatsiya 'Y' i drugie priklyucheniya Shurika,8.5,1965,Aleksandr Demyanenko;Mikhail Pugovkin;Aleksei Smirnov;Vladimir Basov,91,https://www.imdb.com//title/tt0059550/,Russian
Akahige,8.4,1965,Toshirô Mifune;Yûzô Kayama;Tsutomu Yamazaki;Reiko Dan,185,https://www.imdb.com//title/tt0058888/,Japanese
Guide,8.4,1965,Dev Anand;Waheeda Rehman;Leela Chitnis;Anwar Hussain,183,https://www.imdb.com//title/tt0059246/,Hindi
Het winkeltje aan 't Corso,8.3,1965,Ida Kaminska;Jozef Kroner;Frantisek Zvarík;Hana Slivková,128,https://www.imdb.com//title/tt0059527/,Slovak;Yiddish;German;Latin
Oorlog en Vrede,8.3,1965,Lyudmila Saveleva;Vyacheslav Tikhonov;Sergey Bondarchuk;Boris Zakhava,422,https://www.imdb.com//title/tt0063794/,Russian;German;French
"The Good, the Bad and the Ugly",8.8,1966,Clint Eastwood;Eli Wallach;Lee Van Cleef;Aldo Giuffrè,161,https://www.imdb.com//title/tt0060196/,Italian
Andrei Rublev,8.1,1966,Anatoliy Solonitsyn;Ivan Lapikov;Nikolay Grinko;Nikolay Sergeev,205,https://www.imdb.com//title/tt0060107/,Russian;Italian;Tatar
Beregis avtomobilya,8.1,1966,Innokentiy Smoktunovskiy;Oleg Efremov;Lyubov Dobrzhanskaya;Olga Aroseva,94,https://www.imdb.com//title/tt0060161/,Russian
De slag om Algiers,8.1,1966,Brahim Hadjadj;Jean Martin;Yacef Saadi;Samia Kerbash,121,https://www.imdb.com//title/tt0058946/,Arabic;French;English
Persona,8.1,1966,Bibi Andersson;Liv Ullmann;Margaretha Krook;Gunnar Björnstrand,85,https://www.imdb.com//title/tt0060827/,Swedish;English
Jôi-uchi: Hairyô tsuma shimatsu,8.4,1967,Toshirô Mifune;Yôko Tsukasa;Gô Katô;Tatsuyoshi Ehara,128,https://www.imdb.com//title/tt0061847/,Japanese
"Kavkazskaya plennitsa, ili Novye priklyucheniya Shurika",8.4,1967,Aleksandr Demyanenko;Natalya Varley;Vladimir Etush;Frunzik Mkrtchyan,82,https://www.imdb.com//title/tt0060584/,Russian
Cool Hand Luke,8.1,1967,Paul Newman;George Kennedy;Strother Martin;J.D. Cannon,127,https://www.imdb.com//title/tt0061512/,English
Le samouraï,8.1,1967,Alain Delon;François Périer;Nathalie Delon;Cathy Rosier,105,https://www.imdb.com//title/tt0062229/,French
The Graduate,8.0,1967,Dustin Hoffman;Anne Bancroft;Katharine Ross;William Daniels,106,https://www.imdb.com//title/tt0061722/,English
Once Upon a Time in the West,8.5,1968,Henry Fonda;Charles Bronson;Claudia Cardinale;Jason Robards,165,https://www.imdb.com//title/tt0064116/,English;Italian;Spanish
2001: Een zwerftocht in de ruimte,8.3,1968,Keir Dullea;Gary Lockwood;William Sylvester;Daniel Richter,149,https://www.imdb.com//title/tt0062622/,English;Russian;French
Padosan,8.1,1968,Sunil Dutt;Saira Banu;Mehmood;Kishore Kumar,157,https://www.imdb.com//title/tt0063404/,Hindi
Apenplaneet,8.0,1968,Charlton Heston;Roddy McDowall;Kim Hunter;Maurice Evans,112,https://www.imdb.com//title/tt0063442/,English
Rosemary's Baby,8.0,1968,Mia Farrow;John Cassavetes;Ruth Gordon;Sidney Blackmer,137,https://www.imdb.com//title/tt0063522/,English
A tanú,8.7,1969,Ferenc Kállai;Lajos Öze;Béla Both;Zoltán Fábri,105,https://www.imdb.com//title/tt0065067/,Hungarian
Brilliantovaya ruka,8.4,1969,Yuriy Nikulin;Nina Grebeshkova;Andrey Mironov;Anatoliy Papanov,100,https://www.imdb.com//title/tt0062759/,Russian
Z,8.3,1969,Yves Montand;Irene Papas;Jean-Louis Trintignant;François Périer,127,https://www.imdb.com//title/tt0065234/,French;Russian;English
The Army of Shadows,8.2,1969,Lino Ventura;Paul Meurisse;Jean-Pierre Cassel;Simone Signoret,145,https://www.imdb.com//title/tt0064040/,French;German;English
Butch Cassidy and the Sundance Kid,8.0,1969,Paul Newman;Robert Redford;Katharine Ross;Strother Martin,110,https://www.imdb.com//title/tt0064115/,English;Spanish
De dader staat boven verdenking,8.1,1970,Gian Maria Volontè;Florinda Bolkan;Gianni Santuccio;Orazio Orlando,115,https://www.imdb.com//title/tt0065889/,Italian
De Rode Cirkel,8.0,1970,Alain Delon;Bourvil;Gian Maria Volontè;Yves Montand,140,https://www.imdb.com//title/tt0065531/,French
Il conformista,8.0,1970,Jean-Louis Trintignant;Stefania Sandrelli;Gastone Moschin;Enzo Tarascio,113,https://www.imdb.com//title/tt0065571/,Italian;French;Latin;Chinese
Patton,7.9,1970,George C. Scott;Karl Malden;Stephen Young;Michael Strong,172,https://www.imdb.com//title/tt0066206/,English;German;French;Russian;Arabic;Italian
Beloe solntse pustyni,7.8,1970,Anatoliy Kuznetsov;Pavel Luspekayev;Spartak Mishulin;Kakhi Kavsadze,84,https://www.imdb.com//title/tt0066565/,Russian
Dzhentlmeny udachi,8.5,1971,Evgeniy Leonov;Georgiy Vitsin;Saveliy Kramarov;Radner Muratov,88,https://www.imdb.com//title/tt0068519/,Russian
De Laatste Kruistocht,8.4,1971,Amza Pellea;Ion Besoiu;Olga Tudorache;Irina Gardescu,203,https://www.imdb.com//title/tt0066078/,Romanian
12 stulev,8.3,1971,Archil Gomiashvili;Sergey Filippov;Mikhail Pugovkin;Glikeriya Bogdanova-Chesnokova,159,https://www.imdb.com//title/tt0065670/,Russian;Lithuanian;German;Georgian;French
A Clockwork Orange,8.3,1971,Malcolm McDowell;Patrick Magee;Michael Bates;Warren Clarke,136,https://www.imdb.com//title/tt0066921/,English
Anand,8.2,1971,Rajesh Khanna;Amitabh Bachchan;Sumita Sanyal;Ramesh Deo,122,https://www.imdb.com//title/tt0066763/,Hindi
The Godfather,9.2,1972,Marlon Brando;Al Pacino;James Caan;Diane Keaton,175,https://www.imdb.com//title/tt0068646/,English;Italian;Latin
Schreeuw zonder antwoord,8.1,1972,Harriet Andersson;Liv Ullmann;Kari Sylwan;Ingrid Thulin,91,https://www.imdb.com//title/tt0069467/,Swedish;German;Danish
Solaris,8.1,1972,Natalya Bondarchuk;Donatas Banionis;Jüri Järvet;Vladislav Dvorzhetskiy,167,https://www.imdb.com//title/tt0069293/,Russian;German
Kozure Ôkami: Sanzu no kawa no ubaguruma,8.0,1972,Tomisaburô Wakayama;Kayo Matsuo;Minoru Ôki;Akiji Kobayashi,82,https://www.imdb.com//title/tt0068816/,Japanese
Sleuth,8.0,1972,Laurence Olivier;Michael Caine;Alec Cawthorne;John Matthews,138,https://www.imdb.com//title/tt0069281/,English;Italian
Canim Kardesim,8.7,1973,Tarik Akan;Kahraman Kiral;Halit Akçatepe;Metin Akpinar,92,https://www.imdb.com//title/tt0267351/,Turkish
Ivan Vasilevich menyaet professiyu,8.4,1973,Yuriy Yakovlev;Leonid Kuravlyov;Aleksandr Demyanenko;Saveliy Kramarov,93,https://www.imdb.com//title/tt0070233/,Russian;German
The Sting,8.3,1973,Paul Newman;Robert Redford;Robert Shaw;Charles Durning,129,https://www.imdb.com//title/tt0070735/,English
Paper Moon,8.1,1973,Ryan O'Neal;Tatum O'Neal;Madeline Kahn;John Hillerman,102,https://www.imdb.com//title/tt0070510/,English
La maman et la putain,8.0,1973,Jean-Pierre Léaud;Bernadette Lafont;Françoise Lebrun;Isabelle Weingarten,217,https://www.imdb.com//title/tt0070359/,French
The Godfather: Part II,9.0,1974,Al Pacino;Robert De Niro;Robert Duvall;Diane Keaton,202,https://www.imdb.com//title/tt0071562/,English;Italian;Spanish;Latin;Sicilian
Scener ur ett äktenskap,8.4,1974,Liv Ullmann;Erland Josephson;Bibi Andersson;Gunnel Lindblom,169,https://www.imdb.com//title/tt6725014/,Swedish
Köyden Indim Sehire,8.3,1974,Kemal Sunal;Meral Zeren;Zeki Alasya;Metin Akpinar,77,https://www.imdb.com//title/tt0252619/,Turkish
A Woman Under the Influence,8.2,1974,Gena Rowlands;Peter Falk;Fred Draper;Lady Rowlands,155,https://www.imdb.com//title/tt0072417/,English;Italian
Chinatown,8.2,1974,Jack Nicholson;Faye Dunaway;John Huston;Perry Lopez,130,https://www.imdb.com//title/tt0071315/,English;Cantonese;Spanish
Hababam Sinifi,9.3,1975,Kemal Sunal;Münir Özkul;Halit Akçatepe;Tarik Akan,87,https://www.imdb.com//title/tt0252487/,Turkish
One Flew Over the Cuckoo's Nest,8.7,1975,Jack Nicholson;Louise Fletcher;Michael Berryman;Peter Brocco,133,https://www.imdb.com//title/tt0073486/,English
Flåklypa Grand Prix,8.5,1975,Wenche Foss;Per Theodor Haugen;Harald Heide-Steen Jr.;Leif Juster,88,https://www.imdb.com//title/tt0073000/,Norwegian
Bizim Aile,8.4,1975,Tayfun Akalin;Tarik Akan;Tuncay Akça;Halit Akçatepe,88,https://www.imdb.com//title/tt0456047/,Turkish
Chupke Chupke,8.3,1975,Dharmendra;Sharmila Tagore;Amitabh Bachchan;Jaya Bachchan,146,https://www.imdb.com//title/tt0072783/,Hindi
Al-risâlah,9.0,1976,Abdallah Gheith;Mona Wassef;Hamdy Gheith;Ali Achmed Taram,207,https://www.imdb.com//title/tt0075143/,Arabic;English;Hindi
Tosun Pasa,9.0,1976,Kemal Sunal;Müjde Ar;Adile Nasit;Sener Sen,90,https://www.imdb.com//title/tt0253828/,Turkish
Hababam Sinifi Sinifta Kaldi,8.9,1976,Kemal Sunal;Münir Özkul;Semra Özdamar;Adile Nasit,91,https://www.imdb.com//title/tt0252488/,Turkish
Süt Kardesler,8.9,1976,Kemal Sunal;Sener Sen;Halit Akçatepe;Hale Soygazi,80,https://www.imdb.com//title/tt0253779/,Turkish
Kapicilar Krali,8.4,1976,Kemal Sunal;Sevda Ferdag;Bilge Zobu;Sevket Altug,84,https://www.imdb.com//title/tt0252591/,Turkish
Hababam Sinifi Uyaniyor,8.8,1977,Tayfun Akalin;Tuncay Akça;Halit Akçatepe;Sitki Akçatepe,94,https://www.imdb.com//title/tt0252490/,Turkish
Hababam Sinifi Tatilde,8.7,1977,Sevda Aktolga;Ahmet Ariman;Filiz Bozkurt;Aysen Gruda,97,https://www.imdb.com//title/tt0252489/,Turkish
Saban Oglu Saban,8.7,1977,Kemal Sunal;Halit Akçatepe;Sener Sen;Sevda Aktolga,90,https://www.imdb.com//title/tt0253614/,Turkish
Star Wars: Episode IV - A New Hope,8.6,1977,Mark Hamill;Harrison Ford;Carrie Fisher;Alec Guinness,121,https://www.imdb.com//title/tt0076759/,English
Çöpçüler Krali,8.6,1977,Kemal Sunal;Sener Sen;Aysen Gruda;Ihsan Yüce,80,https://www.imdb.com//title/tt0253997/,Turkish
Kibar Feyzo,8.7,1978,Kemal Sunal;Sener Sen;Ilyas Salman;Adile Nasit,83,https://www.imdb.com//title/tt0252597/,Turkish
Neseli Günler,8.7,1978,Münir Özkul;Adile Nasit;Sener Sen;Aysen Gruda,92,https://www.imdb.com//title/tt0765833/,Turkish
Selvi Boylum Al Yazmalim,8.6,1978,Türkan Soray;Kadir Inanir;Ahmet Mekin;Hülya Tuglu,90,https://www.imdb.com//title/tt0263975/,Turkish
Höstsonaten,8.2,1978,Ingrid Bergman;Liv Ullmann;Lena Nyman;Halvar Björk,99,https://www.imdb.com//title/tt0077711/,Swedish;English
The Deer Hunter,8.1,1978,Robert De Niro;Christopher Walken;John Cazale;John Savage,183,https://www.imdb.com//title/tt0077416/,English;Vietnamese;French;Russian;Cantonese
Golmaal,8.5,1979,Amol Palekar;Bindiya Goswami;Deven Verma;Shubha Khote,120,https://www.imdb.com//title/tt0079221/,Hindi
Alien,8.4,1979,Sigourney Weaver;Tom Skerritt;John Hurt;Veronica Cartwright,117,https://www.imdb.com//title/tt0078748/,English
Apocalypse Now,8.4,1979,Martin Sheen;Marlon Brando;Robert Duvall;Frederic Forrest,147,https://www.imdb.com//title/tt0078788/,English;French;Vietnamese
Korkusuz Korkak,8.1,1979,Kemal Sunal;Aysen Atav;Turgut Özatay;Nejat Gürçen,77,https://www.imdb.com//title/tt0252611/,Turkish
Monty Python's Life of Brian,8.1,1979,Graham Chapman;John Cleese;Michael Palin;Terry Gilliam,94,https://www.imdb.com//title/tt0079470/,English;Latin
Ko to tamo peva,8.8,1980,Pavle Vuisic;Dragan Nikolic;Danilo 'Bata' Stojkovic;Aleksandar Bercek,86,https://www.imdb.com//title/tt0076276/,Serbo-Croatian
Star Wars: Episode V - The Empire Strikes Back,8.7,1980,Mark Hamill;Harrison Ford;Carrie Fisher;Billy Dee Williams,124,https://www.imdb.com//title/tt0080684/,English
Zübük,8.6,1980,Kemal Sunal;Nevra Serezli;Kadir Savun;Bülent Kayabas,88,https://www.imdb.com//title/tt0253991/,Turkish
The Shining,8.4,1980,Jack Nicholson;Shelley Duvall;Danny Lloyd;Scatman Crothers,146,https://www.imdb.com//title/tt0081505/,English
Omar Mukhtar: Lion of the Desert,8.3,1980,Anthony Quinn;Oliver Reed;Rod Steiger;Irene Papas,173,https://www.imdb.com//title/tt0081059/,English;Arabic;Italian
Indiana Jones and the Raiders of the Lost Ark,8.4,1981,Harrison Ford;Karen Allen;Paul Freeman;John Rhys-Davies,115,https://www.imdb.com//title/tt0082971/,English;German;Hebrew;Spanish;Arabic;Nepali
Das Boot,8.3,1981,Jürgen Prochnow;Herbert Grönemeyer;Klaus Wennemann;Hubertus Bengsch,149,https://www.imdb.com//title/tt0082096/,German
Vuk,8.3,1981,Judit Pogány;József Gyabronka;Teri Földi;Gyula Szabó,79,https://www.imdb.com//title/tt0131636/,Hungarian
Mis,8.2,1981,Stanislaw Tym;Barbara Burska;Christine Paul;Krzysztof Kowalewski,111,https://www.imdb.com//title/tt0082755/,Polish;English
Davaro: Son Eskiya,8.1,1981,Kemal Sunal;Sener Sen;Pembe Mutlu;Aysen Gruda,94,https://www.imdb.com//title/tt0252361/,Turkish
Maratonci trce pocasni krug,8.9,1982,Bogdan Diklic;Danilo 'Bata' Stojkovic;Pavle Vuisic;Mija Aleksic,92,https://www.imdb.com//title/tt0084302/,Serbian
Angoor,8.3,1982,Sanjeev Kumar;Moushumi Chatterjee;Deven Verma;Aruna Irani,131,https://www.imdb.com//title/tt0215517/,Hindi
Blade Runner,8.1,1982,Harrison Ford;Rutger Hauer;Sean Young;Edward James Olmos,117,https://www.imdb.com//title/tt0083658/,English;German;Cantonese;Japanese;Hungarian;Arabic;Korean
Fanny och Alexander,8.1,1982,Bertil Guve;Pernilla Allwin;Kristina Adolphson;Börje Ahlstedt,188,https://www.imdb.com//title/tt0083922/,Swedish;German;Yiddish;English;French
Fitzcarraldo,8.1,1982,Klaus Kinski;Claudia Cardinale;José Lewgoy;Miguel Ángel Fuentes,158,https://www.imdb.com//title/tt0083946/,German;English;Spanish;Quechua;Italian
Jaane Bhi Do Yaaro,8.4,1983,Naseeruddin Shah;Ravi Baswani;Bhakti Barve;Satish Shah,132,https://www.imdb.com//title/tt0085743/,Hindi
Scarface,8.3,1983,Al Pacino;Michelle Pfeiffer;Steven Bauer;Mary Elizabeth Mastrantonio,170,https://www.imdb.com//title/tt0086250/,English;Spanish
Star Wars: Episode VI - Return of the Jedi,8.3,1983,Mark Hamill;Harrison Ford;Carrie Fisher;Billy Dee Williams,131,https://www.imdb.com//title/tt0086190/,English
Nostalgia,8.1,1983,Oleg Yankovskiy;Erland Josephson;Domiziana Giordano;Patrizia Terreno,125,https://www.imdb.com//title/tt0086022/,Russian;Italian
Hadashi no Gen,8.0,1983,Issei Miyazaki;Catherine Battistone;Yoshie Shimamura;Iona Morris,83,https://www.imdb.com//title/tt0085218/,Japanese;English
Balkanski spijun,8.9,1984,Danilo 'Bata' Stojkovic;Bora Todorovic;Mira Banjac;Sonja Savic,95,https://www.imdb.com//title/tt0086935/,Serbo-Croatian
Varljivo leto '68,8.5,1984,Slavko Stimac;Danilo 'Bata' Stojkovic;Mira Banjac;Mija Aleksic,91,https://www.imdb.com//title/tt0088338/,Serbo-Croatian
Amadeus,8.3,1984,F. Murray Abraham;Tom Hulce;Elizabeth Berridge;Roy Dotrice,160,https://www.imdb.com//title/tt0086879/,English;Italian;Latin;German
Once Upon a Time in America,8.3,1984,Robert De Niro;James Woods;Elizabeth McGovern;Treat Williams,229,https://www.imdb.com//title/tt0087843/,English;Italian;French;Yiddish;Hebrew
Kaze no tani no Naushika,8.1,1984,Sumi Shimamoto;Mahito Tsujimura;Hisako Kyôda;Gorô Naya,117,https://www.imdb.com//title/tt0087544/,Japanese
Terug naar de toekomst,8.5,1985,Michael J. Fox;Christopher Lloyd;Lea Thompson;Crispin Glover,116,https://www.imdb.com//title/tt0088763/,English
Idi i smotri,8.3,1985,Aleksey Kravchenko;Olga Mironova;Liubomiras Laucevicius;Vladas Bagdonas,142,https://www.imdb.com//title/tt0091251/,Russian;Belarusian;German
Ran,8.2,1985,Tatsuya Nakadai;Akira Terao;Jinpachi Nezu;Daisuke Ryû,162,https://www.imdb.com//title/tt0089881/,Japanese
Esperando la carroza,8.1,1985,Luis Brandoni;China Zorrilla;Antonio Gasalla;Julio De Grazia,94,https://www.imdb.com//title/tt0089108/,Spanish
Mishima: A Life in Four Chapters,8.0,1985,Ken Ogata;Masayuki Shionoya;Hiroshi Mikami;Junya Fukuda,120,https://www.imdb.com//title/tt0089603/,Japanese;English
Zügürt Aga,8.7,1986,Sener Sen;Erdal Özyagcilar;Nilgün Nazli;Füsun Demirel,101,https://www.imdb.com//title/tt0201368/,Turkish
Macskafogó,8.4,1986,Miklós Benedek;Gyula Bodrogi;Ilona Béres;Péter Haumann,96,https://www.imdb.com//title/tt0179955/,Hungarian
Aliens,8.3,1986,Sigourney Weaver;Michael Biehn;Carrie Henn;Paul Reiser,137,https://www.imdb.com//title/tt0090605/,English
Kin-dza-dza!,8.1,1986,Stanislav Lyubshin;Evgeniy Leonov;Yuriy Yakovlev;Levan Gabriadze,135,https://www.imdb.com//title/tt0091341/,Georgian;Russian;French;English
Platoon,8.1,1986,Charlie Sheen;Tom Berenger;Willem Dafoe;Keith David,120,https://www.imdb.com//title/tt0091763/,English;Vietnamese
Nayakan,8.7,1987,Kamal Haasan;Saranya Ponvannan;Delhi Ganesh;Janakaraj,145,https://www.imdb.com//title/tt0093603/,Tamil
Muhsin Bey,8.5,1987,Sener Sen;Ugur Yücel;Sermin Hürmeriç;Osman Cavci,119,https://www.imdb.com//title/tt0184756/,Turkish
Full Metal Jacket,8.3,1987,Matthew Modine;R. Lee Ermey;Vincent D'Onofrio;Adam Baldwin,116,https://www.imdb.com//title/tt0093058/,English;Vietnamese
Hachikô monogatari,8.1,1987,Tatsuya Nakadai;Kaoru Yachigusa;Toshinori Omi;Toshirô Yanagiba,107,https://www.imdb.com//title/tt0093132/,Japanese
Khane-ye doust kodjast?,8.1,1987,Babek Ahmed Poor;Ahmed Ahmed Poor;Khodabakhsh Defaei;Iran Outari,83,https://www.imdb.com//title/tt0093342/,Persian
Chithram,8.6,1988,Mohanlal;Nedumudi Venu;Renjini;Poornam Vishwanathan,159,https://www.imdb.com//title/tt0214585/,Malayalam
Hotaru no haka,8.5,1988,Tsutomu Tatsumi;Ayano Shiraishi;Akemi Yamaguchi;Yoshiko Shinohara,89,https://www.imdb.com//title/tt0095327/,Japanese
Nuovo Cinema Paradiso,8.5,1988,Philippe Noiret;Enzo Cannavale;Antonella Attili;Isa Danieli,155,https://www.imdb.com//title/tt0095765/,Italian
Die Hard,8.2,1988,Bruce Willis;Alan Rickman;Bonnie Bedelia;Reginald VelJohnson,132,https://www.imdb.com//title/tt0095016/,English;German;Italian;Japanese
Dom za vesanje,8.2,1988,Davor Dujmovic;Bora Todorovic;Ljubica Adzovic;Husnija Hasimovic,142,https://www.imdb.com//title/tt0097223/,Macedonian;Slovenian;Romany;Serbo-Croatian;Italian;English;German
Kireedam,8.8,1989,Mohanlal;Thilakan;Kaviyoor Ponnamma;Parvathi,124,https://www.imdb.com//title/tt0237376/,Malayalam
Uçurtmayi Vurmasinlar,8.4,1989,Ozan Bilen;Nur Sürer;Füsun Demirel;Güzin Özipek,100,https://www.imdb.com//title/tt0098573/,Turkish
Indiana Jones and the Last Crusade,8.2,1989,Harrison Ford;Sean Connery;Alison Doody;Denholm Elliott,127,https://www.imdb.com//title/tt0097576/,English;German;Greek;Arabic
Dead Poets Society,8.1,1989,Robin Williams;Robert Sean Leonard;Ethan Hawke;Josh Charles,128,https://www.imdb.com//title/tt0097165/,English;Latin
Do the Right Thing,8.0,1989,Danny Aiello;Ossie Davis;Ruby Dee;Richard Edson,120,https://www.imdb.com//title/tt0097216/,English;Italian;Spanish;Korean
Goodfellas,8.7,1990,Robert De Niro;Ray Liotta;Joe Pesci;Lorraine Bracco,146,https://www.imdb.com//title/tt0099685/,English;Italian
Nema-ye Nazdik,8.3,1990,Hossain Sabzian;Mohsen Makhmalbaf;Abolfazl Ahankhah;Mehrdad Ahankhah,98,https://www.imdb.com//title/tt0100234/,Persian;Azerbaijani
Dances with Wolves,8.0,1990,Kevin Costner;Mary McDonnell;Graham Greene;Rodney A. Grant,181,https://www.imdb.com//title/tt0099348/,English;Sioux;Pawnee
Hamoun,8.0,1990,Pantea Bahram;Ezzatolah Entezami;Bita Farahi;Sedigheh Kianfar,120,https://www.imdb.com//title/tt0099729/,Persian
Edward Scissorhands,7.9,1990,Johnny Depp;Winona Ryder;Dianne Wiest;Anthony Michael Hall,105,https://www.imdb.com//title/tt0099487/,English
The Silence of the Lambs,8.6,1991,Jodie Foster;Anthony Hopkins;Lawrence A. Bonney;Kasi Lemmons,118,https://www.imdb.com//title/tt0102926/,English;Latin
Terminator 2: Judgment Day,8.5,1991,Arnold Schwarzenegger;Linda Hamilton;Edward Furlong;Robert Patrick,137,https://www.imdb.com//title/tt0103064/,English;Spanish
Thalapathi,8.5,1991,Rajinikanth;Mammootty;Shobana;Arvind Swamy,157,https://www.imdb.com//title/tt0101649/,Tamil
Gu ling jie shao nian sha ren shi jian,8.4,1991,Chen Chang;Lisa Yang;Kuo-Chu Chang;Elaine Jin,237,https://www.imdb.com//title/tt0101985/,Mandarin;Min Nan;Shanghainese;English
Dà hóng denglong gaogao guà,8.1,1991,Gong Li;Jingwu Ma;Saifei He;Cuifen Cao,125,https://www.imdb.com//title/tt0101640/,Mandarin
Thevar Magan,8.7,1992,Kamal Haasan;Shivaji Ganesan;Nassar;Revathi,145,https://www.imdb.com//title/tt0105575/,Tamil
Mi nismo andjeli,8.4,1992,Nikola Kojo;Milena Pavlovic;Branka Katic;Srdjan 'Zika' Todorovic,98,https://www.imdb.com//title/tt0104860/,Serbian
Reservoir Dogs,8.3,1992,Harvey Keitel;Tim Roth;Michael Madsen;Chris Penn,99,https://www.imdb.com//title/tt0105236/,English
Jo Jeeta Wohi Sikandar,8.2,1992,Aamir Khan;Ayesha Jhulka;Deepak Tijori;Pooja Bedi,174,https://www.imdb.com//title/tt0104561/,Hindi;English
Roja,8.2,1992,Arvind Swamy;Madhoo;Pankaj Kapur;Nassar,137,https://www.imdb.com//title/tt0105271/,Tamil
Schindler's List,8.9,1993,Liam Neeson;Ralph Fiennes;Ben Kingsley;Caroline Goodall,195,https://www.imdb.com//title/tt0108052/,English;Hebrew;German;Polish;Latin
Devasuram,8.7,1993,Mohanlal;Revathi;Nedumudi Venu;Innocent,187,https://www.imdb.com//title/tt0291855/,Malayalam
Manichitrathazhu,8.7,1993,Mohanlal;Shobana;Suresh Gopi;Vinaya Prasad,169,https://www.imdb.com//title/tt0214915/,Malayalam
Ba wang bie ji,8.1,1993,Leslie Cheung;Fengyi Zhang;Gong Li;You Ge,171,https://www.imdb.com//title/tt0106332/,Mandarin
In the Name of the Father,8.1,1993,Daniel Day-Lewis;Pete Postlethwaite;Alison Crosbie;Philip King,133,https://www.imdb.com//title/tt0107207/,English
The Shawshank Redemption,9.3,1994,Tim Robbins;Morgan Freeman;Bob Gunton;William Sadler,142,https://www.imdb.com//title/tt0111161/,English
Pulp Fiction,8.9,1994,John Travolta;Uma Thurman;Samuel L. Jackson;Bruce Willis,154,https://www.imdb.com//title/tt0110912/,English;Spanish;French
Forrest Gump,8.8,1994,Tom Hanks;Robin Wright;Gary Sinise;Sally Field,142,https://www.imdb.com//title/tt0109830/,English
Léon,8.5,1994,Jean Reno;Gary Oldman;Natalie Portman;Danny Aiello,110,https://www.imdb.com//title/tt0110413/,English;Italian;French
The Lion King,8.5,1994,Matthew Broderick;Jeremy Irons;James Earl Jones;Whoopi Goldberg,88,https://www.imdb.com//title/tt0110357/,English;Swahili;Xhosa;Zulu
Seven,8.6,1995,Morgan Freeman;Brad Pitt;Kevin Spacey;Andrew Kevin Walker,127,https://www.imdb.com//title/tt0114369/,English
Spadikam,8.6,1995,Mohanlal;Thilakan;Sphadikam George;Urvashi,150,https://www.imdb.com//title/tt0292246/,Malayalam
The Usual Suspects,8.5,1995,Kevin Spacey;Gabriel Byrne;Chazz Palminteri;Stephen Baldwin,106,https://www.imdb.com//title/tt0114814/,English;Hungarian;Spanish;French
Baasha,8.3,1995,Rajinikanth;Nagma;Raghuvaran;Vijayakumar,145,https://www.imdb.com//title/tt0139876/,Tamil
Braveheart,8.3,1995,Mel Gibson;Sophie Marceau;Patrick McGoohan;Angus Macfadyen,178,https://www.imdb.com//title/tt0112573/,English;French;Latin;Gaelic;Italian
Lepa sela lepo gore,8.7,1996,Dragan Bjelogrlic;Nikola Kojo;Dragan Maksimovic;Zoran Cvijanovic,115,https://www.imdb.com//title/tt0116860/,Bosnian;Serbian;English
Poove Unakkaga,8.7,1996,Anju Aravind;Madhan Bob;Charlie;Jai Ganesh,150,https://www.imdb.com//title/tt2325915/,Tamil
Eskiya,8.2,1996,Sener Sen;Ugur Yücel;Sermin Hürmeriç;Yesim Salkim,128,https://www.imdb.com//title/tt0116231/,Turkish
Fargo,8.1,1996,William H. Macy;Frances McDormand;Steve Buscemi;Peter Stormare,98,https://www.imdb.com//title/tt0116282/,English
Indian,8.1,1996,Kamal Haasan;Sukanya;Manisha Koirala;Urmila Matondkar,185,https://www.imdb.com//title/tt0116630/,Tamil
Het leven is mooi,8.6,1997,Roberto Benigni;Nicoletta Braschi;Giorgio Cantarini;Giustino Durano,116,https://www.imdb.com//title/tt0118799/,Italian;German;English
Iruvar,8.5,1997,Mohanlal;Prakash Raj;Aishwarya Rai Bachchan;Gautami,140,https://www.imdb.com//title/tt0119385/,Tamil
Mononoke-hime,8.4,1997,Yôji Matsuda;Yuriko Ishida;Yûko Tanaka;Billy Crudup,134,https://www.imdb.com//title/tt0119698/,Japanese
Bacheha-Ye aseman,8.3,1997,Mohammad Amir Naji;Amir Farrokh Hashemian;Bahare Seddiqi;Nafise Jafar-Mohammadi,89,https://www.imdb.com//title/tt0118849/,Persian
Good Will Hunting,8.3,1997,Robin Williams;Matt Damon;Ben Affleck;Stellan Skarsgård,126,https://www.imdb.com//title/tt0119217/,English
Lajanje na zvezde,8.7,1998,Dragan Micanovic;Natasa Tapuskovic;Nikola Simic;Velimir 'Bata' Zivojinovic,95,https://www.imdb.com//title/tt0187231/,Serbian
Saving Private Ryan,8.6,1998,Tom Hanks;Matt Damon;Tom Sizemore;Edward Burns,169,https://www.imdb.com//title/tt0120815/,English;French;German;Czech
American History X,8.5,1998,Edward Norton;Edward Furlong;Beverly D'Angelo;Jennifer Lien,119,https://www.imdb.com//title/tt0120586/,English
"Lock, Stock and Two Smoking Barrels",8.2,1998,Jason Flemyng;Dexter Fletcher;Nick Moran;Jason Statham,107,https://www.imdb.com//title/tt0120735/,English
Satya,8.2,1998,J.D. Chakravarthi;Manoj Bajpayee;Urmila Matondkar;Paresh Rawal,170,https://www.imdb.com//title/tt0195231/,Hindi
Fight Club,8.8,1999,Brad Pitt;Edward Norton;Meat Loaf;Zach Grenier,139,https://www.imdb.com//title/tt0137523/,English
The Matrix,8.7,1999,Keanu Reeves;Laurence Fishburne;Carrie-Anne Moss;Hugo Weaving,136,https://www.imdb.com//title/tt0133093/,English
The Green Mile,8.6,1999,Tom Hanks;Michael Clarke Duncan;David Morse;Bonnie Hunt,189,https://www.imdb.com//title/tt0120689/,English;French
Mudhalvan,8.4,1999,Arjun Sarja;Manisha Koirala;Raghuvaran;Vadivelu,169,https://www.imdb.com//title/tt0220656/,Tamil
Thulladha Manamum Thullum,8.4,1999,Joseph Vijay;Simran;Dhamu;Vaiyapuri,170,https://www.imdb.com//title/tt1517561/,Tamil
O Auto da Compadecida,8.7,2000,Matheus Nachtergaele;Selton Mello;Rogério Cardoso;Denise Fraga,104,https://www.imdb.com//title/tt0271383/,Latin;Portuguese
Gladiator,8.5,2000,Russell Crowe;Joaquin Phoenix;Connie Nielsen;Oliver Reed,155,https://www.imdb.com//title/tt0172495/,English
Memento,8.4,2000,Guy Pearce;Carrie-Anne Moss;Joe Pantoliano;Mark Boone Junior,113,https://www.imdb.com//title/tt0209144/,English
Alai Payuthey,8.3,2000,Madhavan;Shalini;Swarnamalya;V. Natarajan,156,https://www.imdb.com//title/tt0242256/,Tamil
Requiem for a Dream,8.3,2000,Ellen Burstyn;Jared Leto;Jennifer Connelly;Marlon Wayans,102,https://www.imdb.com//title/tt0180093/,English
The Lord of the Rings: The Fellowship of the Ring,8.8,2001,Elijah Wood;Ian McKellen;Orlando Bloom;Sean Bean,178,https://www.imdb.com//title/tt0120737/,English;Sindarin
Spirited Away,8.6,2001,Daveigh Chase;Suzanne Pleshette;Miyu Irino;Rumi Hiiragi,125,https://www.imdb.com//title/tt0245429/,Japanese;English
Le fabuleux destin d'Amélie Poulain,8.3,2001,Audrey Tautou;Mathieu Kassovitz;Rufus;Lorella Cravotta,122,https://www.imdb.com//title/tt0211915/,French;Russian;English
A Beautiful Mind,8.2,2001,Russell Crowe;Ed Harris;Jennifer Connelly;Christopher Plummer,135,https://www.imdb.com//title/tt0268978/,English
Dil Chahta Hai,8.1,2001,Aamir Khan;Saif Ali Khan;Akshaye Khanna;Preity Zinta,183,https://www.imdb.com//title/tt0292490/,Hindi
The Lord of the Rings: The Two Towers,8.7,2002,Elijah Wood;Ian McKellen;Viggo Mortensen;Orlando Bloom,179,https://www.imdb.com//title/tt0167261/,English;Sindarin;Old English
Cidade de Deus,8.6,2002,Alexandre Rodrigues;Leandro Firmino;Matheus Nachtergaele;Phellipe Haagensen,130,https://www.imdb.com//title/tt0317248/,Portuguese
Filantropica,8.5,2002,Mircea Diaconu;Gheorghe Dinica;Mara Nicolescu;Viorica Voda,110,https://www.imdb.com//title/tt0314067/,Romanian
The Pianist,8.5,2002,Adrien Brody;Thomas Kretschmann;Frank Finlay;Emilia Fox,150,https://www.imdb.com//title/tt0253474/,English;German;Russian
Kannathil Muthamittal,8.4,2002,Madhavan;Simran;Prakash Raj;Nandita Das,136,https://www.imdb.com//title/tt0312859/,Tamil
The Lord of the Rings: The Return of the King,8.9,2003,Elijah Wood;Viggo Mortensen;Ian McKellen;Orlando Bloom,201,https://www.imdb.com//title/tt0167260/,English;Quenya;Old English;Sindarin
Anbe Sivam,8.7,2003,Kamal Haasan;Madhavan;Kiran Rathod;Nassar,160,https://www.imdb.com//title/tt0367495/,Tamil
La meglio gioventù,8.5,2003,Luigi Lo Cascio;Alessio Boni;Jasmine Trinca;Adriana Asti,366,https://www.imdb.com//title/tt0346336/,Italian;English;Norwegian
Profesionalac,8.5,2003,Bora Todorovic;Branislav Lecic;Natasa Ninkovic;Dragan Jovanovic,104,https://www.imdb.com//title/tt0339535/,Serbian
Oldeuboi,8.4,2003,Choi Min-sik;Yoo Ji-Tae;Kang Hye-jeong;Kim Byeong-Ok,120,https://www.imdb.com//title/tt0364569/,Korean
Black Friday,8.5,2004,Kay Kay Menon;Pawan Malhotra;Aditya Srivastav;Dibyendu Bhattacharya,143,https://www.imdb.com//title/tt0400234/,Hindi;English
Marmoulak,8.5,2004,Parviz Parastui;Bahram Ebrahimi;Shahrokh Foroutanian;Farideh Sepah Mansour,115,https://www.imdb.com//title/tt0416960/,Persian
Kad porastem bicu Kengur,8.4,2004,Sergej Trifunovic;Marija Karan;Nebojsa Glogovac;Boris Milivojevic,92,https://www.imdb.com//title/tt0383846/,Serbian
Eternal Sunshine of the Spotless Mind,8.3,2004,Jim Carrey;Kate Winslet;Tom Wilkinson;Gerry Robert Byrne,108,https://www.imdb.com//title/tt0338013/,English
Virumandi,8.3,2004,Kamal Haasan;Abhirami;Pasupathy;Napolean,175,https://www.imdb.com//title/tt0364647/,Tamil
Graves End,8.6,2005,Eric Roberts;Steven Williams;Daniel Roebuck;Valerie Mikita,90,https://www.imdb.com//title/tt0419781/,English
Anniyan,8.3,2005,Vikram;Sada;Prakash Raj;Vivek,181,https://www.imdb.com//title/tt0376127/,Tamil
Athadu,8.2,2005,Mahesh Babu;Trisha Krishnan;Prakash Raj;Sonu Sood,172,https://www.imdb.com//title/tt0471571/,Telugu
Babam ve Oglum,8.2,2005,Eser Sariyar;Çetin Tekindor;Fikret Kuskan;Hümeyra,112,https://www.imdb.com//title/tt0476735/,Turkish
Batman Begins,8.2,2005,Christian Bale;Michael Caine;Ken Watanabe;Liam Neeson,140,https://www.imdb.com//title/tt0372784/,English;Mandarin
Pudhu Pettai,8.5,2006,Dhanush;Sneha;Sonia Agarwal;Azhagam Perumal,168,https://www.imdb.com//title/tt0459516/,Tamil
The Departed,8.5,2006,Leonardo DiCaprio;Matt Damon;Jack Nicholson;Mark Wahlberg,151,https://www.imdb.com//title/tt0407887/,English;Cantonese
The Prestige,8.5,2006,Christian Bale;Hugh Jackman;Scarlett Johansson;Michael Caine,130,https://www.imdb.com//title/tt0482571/,English
Das Leben der Anderen,8.4,2006,Ulrich Mühe;Martina Gedeck;Sebastian Koch;Ulrich Tukur,137,https://www.imdb.com//title/tt0405094/,German
Khosla Ka Ghosla!,8.3,2006,Anupam Kher;Boman Irani;Parvin Dabas;Tara Sharma,135,https://www.imdb.com//title/tt0466460/,Hindi
Khuda Kay Liye,8.4,2007,Shaan Shahid;Fawad Khan;Iman Ali;Austin Marie Sayre,168,https://www.imdb.com//title/tt1068956/,Urdu;English
Taare Zameen Par,8.4,2007,Darsheel Safary;Aamir Khan;Tisca Chopra;Vipin Sharma,165,https://www.imdb.com//title/tt0986264/,Hindi
Chak De! India,8.2,2007,Shah Rukh Khan;Vidya Malvade;Sagarika Ghatge;Shilpa Shukla,153,https://www.imdb.com//title/tt0871510/,Hindi
There Will Be Blood,8.2,2007,Daniel Day-Lewis;Paul Dano;Ciarán Hinds;Martin Stringer,158,https://www.imdb.com//title/tt0469494/,English;American Sign Language
Into the Wild,8.1,2007,Emile Hirsch;Vince Vaughn;Catherine Keener;Marcia Gay Harden,148,https://www.imdb.com//title/tt0758758/,English;Danish
The Dark Knight,9.0,2008,Christian Bale;Heath Ledger;Aaron Eckhart;Michael Caine,152,https://www.imdb.com//title/tt0468569/,English;Mandarin
WALL·E,8.4,2008,Ben Burtt;Elissa Knight;Jeff Garlin;Fred Willard,98,https://www.imdb.com//title/tt0910970/,English;Hindi
Vaaranam Aayiram,8.2,2008,Suriya;Simran;Ramya;Sameera Reddy,169,https://www.imdb.com//title/tt1180583/,Tamil
A Wednesday,8.1,2008,Anupam Kher;Naseeruddin Shah;Virendra Saxena;Mahesh Kanual,104,https://www.imdb.com//title/tt1280558/,Hindi
Ai no mukidashi,8.1,2008,Takahiro Nishijima;Hikari Mitsushima;Sakura Andô;Yutaka Shimizu,237,https://www.imdb.com//title/tt1128075/,Japanese
Monpura,8.7,2009,Chanchal Chowdhury;Farhana Mili;Shirin Alam;Mohiuddin Bahar,136,https://www.imdb.com//title/tt1621830/,Bengali
3 Idiots,8.4,2009,Aamir Khan;Madhavan;Mona Singh;Sharman Joshi,170,https://www.imdb.com//title/tt1187043/,Hindi;English
Inglourious Basterds,8.3,2009,Brad Pitt;Diane Kruger;Eli Roth;Mélanie Laurent,153,https://www.imdb.com//title/tt0361748/,English;German;French;Italian
El secreto de sus ojos,8.2,2009,Ricardo Darín;Soledad Villamil;Pablo Rago;Carla Quevedo,129,https://www.imdb.com//title/tt1305806/,Spanish
Up,8.2,2009,Ed Asner;Jordan Nagai;John Ratzenberger;Christopher Plummer,96,https://www.imdb.com//title/tt1049413/,English
Inception,8.8,2010,Leonardo DiCaprio;Joseph Gordon-Levitt;Elliot Page;Ken Watanabe,148,https://www.imdb.com//title/tt1375666/,English;Japanese;French
Les Misérables in Concert: The 25th Anniversary,8.8,2010,Alfie Boe;Norm Lewis;Matt Lucas;Jenny Galloway,178,https://www.imdb.com//title/tt1754109/,English
Incendies,8.3,2010,Lubna Azabal;Mélissa Désormeaux-Poulin;Maxim Gaudette;Mustafa Kamel,131,https://www.imdb.com//title/tt1255953/,French;Arabic;English
Pranchiyettan and the Saint,8.3,2010,Jesse Fox Allen;Innocent;Mammootty;Biju Menon,140,https://www.imdb.com//title/tt1695800/,Malayalam
"Montevideo, Bog te video!",8.2,2010,Milos Bikovic;Petar Strugar;Nina Jankovic;Danina Jeftic,140,https://www.imdb.com//title/tt1634013/,Serbian;Bulgarian;French
Love on a Leash,8.9,2011,Gloria Winship Ayon;Shane Ayon;Jana Camp;Stephen Kramer Glickman,90,https://www.imdb.com//title/tt2185022/,Not available
Kill Bill: The Whole Bloody Affair,8.8,2011,Uma Thurman;Vivica A. Fox;Michael Madsen;Daryl Hannah,247,https://www.imdb.com//title/tt6019206/,English;Japanese;Mandarin;French;Cantonese;Spanish
The Phantom of the Opera at the Royal Albert Hall,8.8,2011,Ramin Karimloo;Sierra Boggess;Hadley Fraser;Wendy Ferguson,137,https://www.imdb.com//title/tt2077886/,English
The Intouchables,8.5,2011,François Cluzet;Omar Sy;Anne Le Ny;Audrey Fleurot,112,https://www.imdb.com//title/tt1675434/,French;English
A Separation,8.3,2011,Payman Maadi;Leila Hatami;Sareh Bayat;Shahab Hosseini,123,https://www.imdb.com//title/tt1832382/,Persian
Django Unchained,8.4,2012,Jamie Foxx;Christoph Waltz;Leonardo DiCaprio;Kerry Washington,165,https://www.imdb.com//title/tt1853728/,English;German;French;Italian
The Dark Knight Rises,8.4,2012,Christian Bale;Tom Hardy;Anne Hathaway;Gary Oldman,164,https://www.imdb.com//title/tt1345836/,English;Arabic
It's Such a Beautiful Day,8.3,2012,No actors found,62,https://www.imdb.com//title/tt2396224/,English
Jagten,8.3,2012,Mads Mikkelsen;Thomas Bo Larsen;Annika Wedderkopp;Lasse Fogelstrøm,115,https://www.imdb.com//title/tt2106476/,Danish;English;Polish
Gangs of Wasseypur,8.2,2012,Manoj Bajpayee;Richa Chadha;Nawazuddin Siddiqui;Tigmanshu Dhulia,321,https://www.imdb.com//title/tt1954470/,Hindi
Drishyam,8.3,2013,Mohanlal;Meena;Asha Sharath;Ansiba,160,https://www.imdb.com//title/tt3417422/,Malayalam
Lucia,8.3,2013,Sathish Neenasam;Sruthi Hariharan;Achyuth Kumar;Sabreen Baker,135,https://www.imdb.com//title/tt2358592/,Kannada
So-won,8.3,2013,Re Lee;Sol Kyung-gu;Ji-won Uhm;Kim Hae-sook,122,https://www.imdb.com//title/tt3153634/,Korean
Soodhu Kavvum,8.3,2013,Vijay Sethupathi;Sanchita Shetty;Radha Ravi;M.S. Bhaskar,135,https://www.imdb.com//title/tt2877108/,Tamil
7-beon-bang-ui seon-mul,8.2,2013,Seung-ryong Ryu;So Won Kal;Dal-su Oh;Man-sik Jeong,127,https://www.imdb.com//title/tt2659414/,Korean
Interstellar,8.6,2014,Matthew McConaughey;Anne Hathaway;Jessica Chastain;Mackenzie Foy,169,https://www.imdb.com//title/tt0816692/,English
Whiplash,8.5,2014,Miles Teller;J.K. Simmons;Melissa Benoist;Paul Reiser,106,https://www.imdb.com//title/tt2582802/,English
Kaakkaa Muttai,8.4,2014,Ramesh;J. Vignesh;Aishwarya Rajesh;Ramesh Thilak,91,https://www.imdb.com//title/tt3973410/,Tamil
Ulidavaru Kandanthe,8.4,2014,Kishore Kumar G.;Rakshit Shetty;Thara;Achyuth Kumar,154,https://www.imdb.com//title/tt3394420/,Kannada
Wheels,8.4,2014,Donavon Warren;Patrick Hume;Diana Gettinger;Kevin McCorkle,115,https://www.imdb.com//title/tt2170667/,English
Visaaranai,8.5,2015,Dinesh;Samuthirakani;Anandhi;Murugadass,117,https://www.imdb.com//title/tt4991384/,Tamil
Papanasam,8.4,2015,Kamal Haasan;Gautami;Nivetha Thomas;Esther Anil,179,https://www.imdb.com//title/tt4429128/,Tamil
Thani Oruvan,8.4,2015,Jayam Ravi;Arvind Swamy;Nayanthara;Nassar,160,https://www.imdb.com//title/tt4987556/,Tamil
Nil Battey Sannata,8.3,2015,Swara Bhaskar;Ratna Pathak Shah;Riya Shukla;Pankaj Tripathi,100,https://www.imdb.com//title/tt5005684/,Hindi
Premam,8.3,2015,Nivin Pauly;Sai Pallavi;Madonna Sebastian;S.V. Krishna Shankar,156,https://www.imdb.com//title/tt4679210/,Malayalam
Aynabaji,9.1,2016,Chanchal Chowdhury;Masuma Rahman Nabila;Partha Barua;Lutfur Rahman George,147,https://www.imdb.com//title/tt5354160/,Bengali
Natsamrat,8.9,2016,Nana Patekar;Medha Manjrekar;Mrunmayee Deshpande;Sunil Barve,166,https://www.imdb.com//title/tt5311546/,Marathi
Dag II,8.7,2016,Caglar Ertugrul;Ufuk Bayraktar;Ahu Türkpençe;Murat Serezli,135,https://www.imdb.com//title/tt5813916/,Turkish
Aruvi,8.5,2016,Aditi Balan;Padmashri Mohammad Ali;Pradeep Anthony;Arnold,130,https://www.imdb.com//title/tt5867800/,Tamil
Dangal,8.4,2016,Aamir Khan;Sakshi Tanwar;Fatima Sana Shaikh;Sanya Malhotra,161,https://www.imdb.com//title/tt5074352/,Hindi;English
Aloko Udapadi,9.0,2017,Uddika Premarathna;Dilhani Ekanayake;Roshan Ravindra;Menaka Peiris,113,https://www.imdb.com//title/tt5963218/,Sinhala;Tamil
Ayla: The Daughter of War,8.4,2017,Çetin Tekindor;Ismail Hacioglu;Kyung-jin Lee;Kim Seol,125,https://www.imdb.com//title/tt6316138/,Turkish;Korean;English;Chinese
Coco,8.4,2017,Anthony Gonzalez;Gael García Bernal;Benjamin Bratt;Alanna Ubach,105,https://www.imdb.com//title/tt2380307/,English;Spanish
Theeran adhigaaram ondru,8.3,2017,Karthi;Rakul Preet Singh;Abhimanyu Singh;Bose Venkat,157,https://www.imdb.com//title/tt7060460/,Tamil
Vikram Vedha,8.3,2017,Madhavan;Vijay Sethupathi;Shraddha Srinath;Kathir,147,https://www.imdb.com//title/tt6148156/,Tamil
C/o Kancharapalem,8.9,2018,Radha Bessy;Subba Rao Vepada;Praneeta Patnaik;Karthik Rathnam,152,https://www.imdb.com//title/tt7391996/,Telugu
Peranbu,8.9,2018,Mammootty;Sadhana;Anjali;Anjali Ameer,147,https://www.imdb.com//title/tt7738784/,Tamil
Pariyerum Perumal,8.8,2018,Kathir;Anandhi;Yogi Babu;Lijeesh,154,https://www.imdb.com//title/tt8176054/,Tamil
96,8.6,2018,Vijay Sethupathi;Adithya Bhaskar;Trisha Krishnan;Gouri Kishan,158,https://www.imdb.com//title/tt7019842/,Tamil
Mahanati,8.5,2018,Keerthy Suresh;Dulquer Salmaan;Samantha Akkineni;Vijay Deverakonda,177,https://www.imdb.com//title/tt7465992/,Telugu;Tamil
Gisaengchung,8.6,2019,Kang-ho Song;Sun-kyun Lee;Yeo-jeong Cho;Woo-sik Choi,132,https://www.imdb.com//title/tt6751668/,Korean;English
Jersey,8.6,2019,Nani;Shraddha Srinath;Sathyaraj;Harish Kalyan,157,https://www.imdb.com//title/tt8948790/,Telugu
Kumbalangi Nights,8.6,2019,Shane Nigam;Soubin Shahir;Fahadh Faasil;Sreenath Bhasi,135,https://www.imdb.com//title/tt8413338/,Malayalam
Asuran,8.5,2019,Dhanush;Manju Warrier;Prakash Raj;Pasupathy,141,https://www.imdb.com//title/tt9477520/,Tamil
Kaithi,8.5,2019,Karthi;Narain;Ramana;George Maryan,145,https://www.imdb.com//title/tt9900782/,Tamil
Soorarai Pottru,9.1,2020,Suriya;Paresh Rawal;Aparna Balamurali;Gaurav Pareek,153,https://www.imdb.com//title/tt10189514/,Tamil;Hindi
Dara iz Jasenovca,8.8,2020,Biljana Cekic;Zlatan Vidovic;Anja Stanic;Luka Saranovic,130,https://www.imdb.com//title/tt10554232/,Serbian;German
Shingeki no Kyojin: Chronicle,8.6,2020,Marina Inoue;Yui Ishikawa;Yûki Kaji;Yû Shimamura,122,https://www.imdb.com//title/tt12415546/,Japanese
Hamilton,8.4,2020,Lin-Manuel Miranda;Phillipa Soo;Leslie Odom Jr.;Renée Elise Goldsberry,160,https://www.imdb.com//title/tt8503618/,English
Kimetsu no Yaiba: Mugen Ressha-Hen,8.3,2020,Natsuki Hanae;Akari Kitô;Yoshitsugu Matsuoka;Hiro Shimono,117,https://www.imdb.com//title/tt11032374/,Japanese
